session_id	analyst_role	user_hash	event_name	timestamp	step_order	duration_ms	tool_execution_id
789ghi	Senior	A1B2C3D4E5F6G7H8I9J0	Login	10/21/2025 0:00	1	9975	T_A_001
123abc	Junior	i1j2k3l4m5n6o7p8q9r0	Load_Dashboard	10/21/2025 0:00	2	1813	T_A_002
mno3456789	Junior	a1b2c3d4e5f6g7h8i9j0	Run_Tool_A	10/21/2025 0:00	4	7489	T_A_002
pqr678901	Senior	E1F2G3H4I5J6K7L8M9N0	Login	10/21/2025 0:00	4	715	T_A_001
mno34567	Senior	Q1R2S3T4U5V6W7X8Y9Z0	Login	10/21/2025 0:00	3	684	T_A_002
901stu	Senior	I1J2K3L4M5N6O7P8Q9R0	Run_Tool_A	10/21/2025 0:00	2	74	T_A_002
234vwx23	Junior	k1l2m3n4o5p6q7r8s9t0	Load_Dashboard	10/21/2025 0:00	3	6333	T_A_002
ghi7890	Junior	S1T2U3V4W5X6Y7Z8a9b0	Run_Tool_A	10/21/2025 0:00	1	4977	T_A_002
678pqr6	Senior	o1p2q3r4s5t6u7v8w9x0	Load_Dashboard	10/21/2025 0:00	2	469	T_A_001
901stu90	Junior	a1b2c3d4e5f6g7h8i9j0	Run_Tool_A	10/21/2025 0:00	2	9947	T_A_001
def4567890	Senior	M1N2O3P4Q5R6S7T8U9V0	Load_Dashboard	10/21/2025 0:00	4	6216	T_A_001
def456	Junior	O1P2Q3R4S5T6U7V8W9X0	Load_Dashboard	10/21/2025 0:00	2	6119	T_A_002
abc1234567	Senior	Q1R2S3T4U5V6W7X8Y9Z0	Filter_By_Region	10/21/2025 0:00	3	7754	T_A_001
abc12345	Senior	a1b2c3d4e5f6g7h8i9j0	Filter_By_Region	10/21/2025 0:00	3	379	T_A_001
mno345	Junior	M1N2O3P4Q5R6S7T8U9V0	Filter_By_Region	10/21/2025 0:00	3	1545	T_A_001
012jkl0	Senior	a1b2c3d4e5f6g7h8i9j0	Load_Dashboard	10/21/2025 0:00	3	9252	T_A_001
pqr6789	Junior	G1H2I3J4K5L6M7N8O9P0	Login	10/21/2025 0:00	4	5056	T_A_002
012jkl0123	Junior	g1h2i3j4k5l6m7n8o9p0	Load_Dashboard	10/21/2025 0:00	4	2820	T_A_001
abc123	Junior	m1n2o3p4q5r6s7t8u9v0	Load_Dashboard	10/21/2025 0:00	4	1803	T_A_002
345mno3456	Junior	g1h2i3j4k5l6m7n8o9p0	Run_Tool_A	10/21/2025 0:00	2	3856	T_A_001
def456	Senior	E1F2G3H4I5J6K7L8M9N0	Login	10/21/2025 0:00	3	660	T_A_001
jkl012345	Junior	I1J2K3L4M5N6O7P8Q9R0	Run_Tool_A	10/21/2025 0:00	2	2101	T_A_001
567yz	Senior	I1J2K3L4M5N6O7P8Q9R0	Login	10/21/2025 0:00	4	1124	T_A_002
789ghi7890	Junior	w1x2y3z4A5B6C7D8E9F0	Filter_By_Region	10/21/2025 0:00	4	7873	T_A_001
345mno34	Junior	I1J2K3L4M5N6O7P8Q9R0	Load_Dashboard	10/21/2025 0:00	4	7871	T_A_002
901stu90	Senior	y1z2A3B4C5D6E7F8G9H0	Load_Dashboard	10/21/2025 0:00	1	2334	T_A_002
yz56789	Junior	G1H2I3J4K5L6M7N8O9P0	Login	10/21/2025 0:00	1	1247	T_A_002
234vwx2	Junior	g1h2i3j4k5l6m7n8o9p0	Filter_By_Region	10/21/2025 0:00	1	7572	T_A_002
234vwx2	Junior	g1h2i3j4k5l6m7n8o9p0	Filter_By_Region	10/21/2025 0:00	3	1124	T_A_001
345mno3456	Senior	Y1Z2a3b4c5d6e7f8g9h0	Load_Dashboard	10/21/2025 0:00	4	7913	T_A_002
678pqr67	Senior	a1b2c3d4e5f6g7h8i9j0	Run_Tool_A	10/21/2025 0:00	4	6605	T_A_002
901stu9012	Junior	E1F2G3H4I5J6K7L8M9N0	Run_Tool_A	10/21/2025 0:00	3	2348	T_A_002
ghi7890123	Senior	S1T2U3V4W5X6Y7Z8a9b0	Filter_By_Region	10/21/2025 0:00	1	6742	T_A_002
678pqr	Senior	s1t2u3v4w5x6y7z8A9B0	Filter_By_Region	10/21/2025 0:00	1	9618	T_A_001
ghi7890123	Junior	Y1Z2a3b4c5d6e7f8g9h0	Run_Tool_A	10/21/2025 0:00	4	9884	T_A_002
123abc1234	Senior	s1t2u3v4w5x6y7z8A9B0	Filter_By_Region	10/21/2025 0:00	3	4199	T_A_001
yz56789	Junior	C1D2E3F4G5H6I7J8K9L0	Run_Tool_A	10/21/2025 0:00	3	4761	T_A_001
345mno345	Senior	C1D2E3F4G5H6I7J8K9L0	Filter_By_Region	10/21/2025 0:00	4	5845	T_A_002
stu9012	Senior	M1N2O3P4Q5R6S7T8U9V0	Filter_By_Region	10/21/2025 0:00	1	2500	T_A_001
abc123	Senior	o1p2q3r4s5t6u7v8w9x0	Load_Dashboard	10/21/2025 0:00	1	962	T_A_001
stu901234	Junior	E1F2G3H4I5J6K7L8M9N0	Filter_By_Region	10/21/2025 0:00	2	7716	T_A_001
stu9012	Senior	y1z2A3B4C5D6E7F8G9H0	Login	10/21/2025 0:00	4	5305	T_A_002
stu9012	Junior	G1H2I3J4K5L6M7N8O9P0	Load_Dashboard	10/21/2025 0:00	2	7462	T_A_002
789ghi78	Senior	W1X2Y3Z4a5b6c7d8e9f0	Load_Dashboard	10/21/2025 0:00	2	2470	T_A_001
789ghi7890	Senior	W1X2Y3Z4a5b6c7d8e9f0	Load_Dashboard	10/21/2025 0:00	2	1274	T_A_001
567yz5	Senior	A1B2C3D4E5F6G7H8I9J0	Login	10/21/2025 0:00	3	5500	T_A_001
ghi78901	Junior	g1h2i3j4k5l6m7n8o9p0	Filter_By_Region	10/21/2025 0:00	3	4874	T_A_002
vwx2345678	Senior	e1f2g3h4i5j6k7l8m9n0	Load_Dashboard	10/21/2025 0:00	3	7217	T_A_001
abc1234567	Junior	o1p2q3r4s5t6u7v8w9x0	Run_Tool_A	10/21/2025 0:00	1	4251	T_A_002
stu90123	Junior	o1p2q3r4s5t6u7v8w9x0	Load_Dashboard	10/21/2025 0:00	3	6455	T_A_002
456def456	Junior	S1T2U3V4W5X6Y7Z8a9b0	Run_Tool_A	10/21/2025 0:00	4	4929	T_A_001
234vwx2345	Junior	G1H2I3J4K5L6M7N8O9P0	Load_Dashboard	10/21/2025 0:00	4	9862	T_A_002
yz5678	Senior	a1b2c3d4e5f6g7h8i9j0	Load_Dashboard	10/21/2025 0:00	1	1269	T_A_001
jkl0123456	Junior	S1T2U3V4W5X6Y7Z8a9b0	Login	10/21/2025 0:00	3	2288	T_A_002
567yz5	Senior	G1H2I3J4K5L6M7N8O9P0	Run_Tool_A	10/21/2025 0:00	1	4067	T_A_001
ghi7890123	Junior	u1v2w3x4y5z6A7B8C9D0	Filter_By_Region	10/21/2025 0:00	3	3962	T_A_002
901stu90	Senior	m1n2o3p4q5r6s7t8u9v0	Load_Dashboard	10/21/2025 0:00	3	5973	T_A_002
pqr678	Junior	W1X2Y3Z4a5b6c7d8e9f0	Login	10/21/2025 0:00	4	3229	T_A_001
789ghi	Junior	k1l2m3n4o5p6q7r8s9t0	Run_Tool_A	10/21/2025 0:00	4	9110	T_A_002
jkl01234	Junior	Y1Z2a3b4c5d6e7f8g9h0	Filter_By_Region	10/21/2025 0:00	1	580	T_A_001
stu901234	Junior	a1b2c3d4e5f6g7h8i9j0	Run_Tool_A	10/21/2025 0:00	4	6336	T_A_001
901stu90	Senior	m1n2o3p4q5r6s7t8u9v0	Run_Tool_A	10/21/2025 0:00	4	6552	T_A_001
vwx2345678	Junior	C1D2E3F4G5H6I7J8K9L0	Login	10/21/2025 0:00	2	6569	T_A_002
789ghi78	Senior	i1j2k3l4m5n6o7p8q9r0	Run_Tool_A	10/21/2025 0:00	1	9676	T_A_002
def4567	Junior	w1x2y3z4A5B6C7D8E9F0	Load_Dashboard	10/21/2025 0:00	4	8413	T_A_001
ghi789012	Senior	a1b2c3d4e5f6g7h8i9j0	Run_Tool_A	10/21/2025 0:00	1	6080	T_A_002
pqr6789012	Junior	Q1R2S3T4U5V6W7X8Y9Z0	Load_Dashboard	10/21/2025 0:00	4	4528	T_A_002
234vwx2345	Senior	C1D2E3F4G5H6I7J8K9L0	Load_Dashboard	10/21/2025 0:00	3	7691	T_A_002
jkl0123	Junior	m1n2o3p4q5r6s7t8u9v0	Load_Dashboard	10/21/2025 0:00	2	4717	T_A_002
vwx234567	Junior	m1n2o3p4q5r6s7t8u9v0	Filter_By_Region	10/21/2025 0:00	3	9737	T_A_002
abc123456	Senior	C1D2E3F4G5H6I7J8K9L0	Filter_By_Region	10/21/2025 0:00	2	4196	T_A_001
012jkl012	Senior	w1x2y3z4A5B6C7D8E9F0	Load_Dashboard	10/21/2025 0:00	4	2456	T_A_002
pqr6789012	Junior	a1b2c3d4e5f6g7h8i9j0	Run_Tool_A	10/21/2025 0:00	1	9592	T_A_001
ghi789012	Senior	i1j2k3l4m5n6o7p8q9r0	Login	10/21/2025 0:00	4	8804	T_A_001
mno345	Junior	w1x2y3z4A5B6C7D8E9F0	Load_Dashboard	10/21/2025 0:00	3	1287	T_A_002
jkl012	Junior	s1t2u3v4w5x6y7z8A9B0	Run_Tool_A	10/21/2025 0:00	2	9431	T_A_002
012jkl012	Senior	w1x2y3z4A5B6C7D8E9F0	Filter_By_Region	10/21/2025 0:00	3	748	T_A_001
901stu90	Senior	I1J2K3L4M5N6O7P8Q9R0	Run_Tool_A	10/21/2025 0:00	4	4236	T_A_002
234vwx2	Junior	E1F2G3H4I5J6K7L8M9N0	Run_Tool_A	10/21/2025 0:00	4	5174	T_A_002
pqr6789012	Junior	w1x2y3z4A5B6C7D8E9F0	Run_Tool_A	10/21/2025 0:00	4	2785	T_A_002
123abc	Junior	y1z2A3B4C5D6E7F8G9H0	Load_Dashboard	10/21/2025 0:00	3	4732	T_A_002
123abc	Junior	y1z2A3B4C5D6E7F8G9H0	Login	10/21/2025 0:00	3	8028	T_A_001
234vwx	Junior	g1h2i3j4k5l6m7n8o9p0	Login	10/21/2025 0:00	3	2774	T_A_001
abc123	Junior	s1t2u3v4w5x6y7z8A9B0	Login	10/21/2025 0:00	2	8095	T_A_002
456def45	Junior	M1N2O3P4Q5R6S7T8U9V0	Login	10/21/2025 0:00	3	1647	T_A_001
mno345	Junior	I1J2K3L4M5N6O7P8Q9R0	Filter_By_Region	10/21/2025 0:00	1	8397	T_A_002
abc12345	Senior	U1V2W3X4Y5Z6a7b8c9d0	Load_Dashboard	10/21/2025 0:00	1	374	T_A_001
def456	Senior	m1n2o3p4q5r6s7t8u9v0	Filter_By_Region	10/21/2025 0:00	1	2065	T_A_001
vwx234	Senior	U1V2W3X4Y5Z6a7b8c9d0	Run_Tool_A	10/21/2025 0:00	2	4988	T_A_002
678pqr67	Junior	m1n2o3p4q5r6s7t8u9v0	Run_Tool_A	10/21/2025 0:00	2	9982	T_A_001
345mno3456	Junior	i1j2k3l4m5n6o7p8q9r0	Run_Tool_A	10/21/2025 0:00	2	6565	T_A_002
abc12345	Junior	A1B2C3D4E5F6G7H8I9J0	Login	10/21/2025 0:00	3	9743	T_A_001
abc1234567	Junior	G1H2I3J4K5L6M7N8O9P0	Login	10/21/2025 0:00	2	1672	T_A_001
456def45	Senior	U1V2W3X4Y5Z6a7b8c9d0	Login	10/21/2025 0:00	2	2469	T_A_001
abc123	Senior	c1d2e3f4g5h6i7j8k9l0	Login	10/21/2025 0:00	3	4079	T_A_002
yz567890	Junior	G1H2I3J4K5L6M7N8O9P0	Run_Tool_A	10/21/2025 0:00	2	1883	T_A_002
345mno	Junior	Q1R2S3T4U5V6W7X8Y9Z0	Run_Tool_A	10/21/2025 0:00	4	3661	T_A_002
567yz	Senior	Y1Z2a3b4c5d6e7f8g9h0	Login	10/21/2025 0:00	2	8954	T_A_001
vwx23456	Junior	k1l2m3n4o5p6q7r8s9t0	Load_Dashboard	10/21/2025 0:00	1	9542	T_A_002
jkl012345	Senior	a1b2c3d4e5f6g7h8i9j0	Filter_By_Region	10/21/2025 0:00	2	7951	T_A_001
678pqr	Senior	w1x2y3z4A5B6C7D8E9F0	Login	10/21/2025 0:00	2	756	T_A_001
123abc1	Senior	a1b2c3d4e5f6g7h8i9j0	Login	10/21/2025 0:00	1	8266	T_A_001
567yz	Senior	u1v2w3x4y5z6A7B8C9D0	Login	10/21/2025 0:00	2	6261	T_A_002
ghi78901	Senior	E1F2G3H4I5J6K7L8M9N0	Filter_By_Region	10/21/2025 0:00	1	1561	T_A_002
ghi78901	Senior	c1d2e3f4g5h6i7j8k9l0	Login	10/21/2025 0:00	3	8847	T_A_002
901stu	Junior	S1T2U3V4W5X6Y7Z8a9b0	Load_Dashboard	10/21/2025 0:00	1	2242	T_A_001
567yz5	Junior	a1b2c3d4e5f6g7h8i9j0	Filter_By_Region	10/21/2025 0:00	2	1582	T_A_001
012jkl012	Junior	M1N2O3P4Q5R6S7T8U9V0	Login	10/21/2025 0:00	4	5045	T_A_002
def456	Junior	S1T2U3V4W5X6Y7Z8a9b0	Load_Dashboard	10/21/2025 0:00	4	3354	T_A_002
mno3456789	Senior	U1V2W3X4Y5Z6a7b8c9d0	Load_Dashboard	10/21/2025 0:00	1	1598	T_A_001
ghi7890123	Senior	I1J2K3L4M5N6O7P8Q9R0	Load_Dashboard	10/21/2025 0:00	3	6353	T_A_001
012jkl012	Senior	u1v2w3x4y5z6A7B8C9D0	Filter_By_Region	10/21/2025 0:00	2	3124	T_A_002
012jkl01	Senior	W1X2Y3Z4a5b6c7d8e9f0	Load_Dashboard	10/21/2025 0:00	3	3176	T_A_002
vwx234567	Senior	q1r2s3t4u5v6w7x8y9z0	Filter_By_Region	10/21/2025 0:00	3	106	T_A_001
345mno345	Senior	E1F2G3H4I5J6K7L8M9N0	Load_Dashboard	10/21/2025 0:00	1	1827	T_A_002
stu901234	Junior	S1T2U3V4W5X6Y7Z8a9b0	Login	10/21/2025 0:00	4	3644	T_A_002
123abc1234	Junior	k1l2m3n4o5p6q7r8s9t0	Filter_By_Region	10/21/2025 0:00	4	6677	T_A_001
456def45	Junior	U1V2W3X4Y5Z6a7b8c9d0	Login	10/21/2025 0:00	1	8779	T_A_001
901stu9012	Senior	G1H2I3J4K5L6M7N8O9P0	Filter_By_Region	10/21/2025 0:00	4	8298	T_A_001
345mno	Senior	a1b2c3d4e5f6g7h8i9j0	Filter_By_Region	10/21/2025 0:00	2	8698	T_A_001
789ghi7	Senior	m1n2o3p4q5r6s7t8u9v0	Load_Dashboard	10/21/2025 0:00	2	2711	T_A_001
012jkl0	Senior	a1b2c3d4e5f6g7h8i9j0	Filter_By_Region	10/21/2025 0:00	2	6577	T_A_001
vwx2345	Junior	A1B2C3D4E5F6G7H8I9J0	Login	10/21/2025 0:00	1	3936	T_A_001
mno345	Junior	O1P2Q3R4S5T6U7V8W9X0	Run_Tool_A	10/21/2025 0:00	2	2002	T_A_001
567yz5678	Senior	G1H2I3J4K5L6M7N8O9P0	Run_Tool_A	10/21/2025 0:00	4	7031	T_A_001
678pqr678	Junior	i1j2k3l4m5n6o7p8q9r0	Load_Dashboard	10/21/2025 0:00	1	888	T_A_001
jkl0123	Senior	K1L2M3N4O5P6Q7R8S9T0	Filter_By_Region	10/21/2025 0:00	4	3931	T_A_001
jkl0123	Senior	o1p2q3r4s5t6u7v8w9x0	Login	10/21/2025 0:00	3	488	T_A_001
ghi7890	Junior	q1r2s3t4u5v6w7x8y9z0	Run_Tool_A	10/21/2025 0:00	3	1924	T_A_001
678pqr6789	Junior	u1v2w3x4y5z6A7B8C9D0	Load_Dashboard	10/21/2025 0:00	3	8333	T_A_002
def456789	Senior	a1b2c3d4e5f6g7h8i9j0	Login	10/21/2025 0:00	3	7461	T_A_001
stu90123	Junior	Y1Z2a3b4c5d6e7f8g9h0	Login	10/21/2025 0:00	3	9615	T_A_001
stu90123	Junior	m1n2o3p4q5r6s7t8u9v0	Load_Dashboard	10/21/2025 0:00	1	8651	T_A_002
345mno3456	Junior	K1L2M3N4O5P6Q7R8S9T0	Load_Dashboard	10/21/2025 0:00	2	3863	T_A_002
def456	Senior	m1n2o3p4q5r6s7t8u9v0	Filter_By_Region	10/21/2025 0:00	4	6252	T_A_001
vwx234567	Senior	G1H2I3J4K5L6M7N8O9P0	Run_Tool_A	10/21/2025 0:00	3	9038	T_A_002
pqr6789012	Senior	W1X2Y3Z4a5b6c7d8e9f0	Run_Tool_A	10/21/2025 0:00	4	6123	T_A_001
jkl0123456	Senior	a1b2c3d4e5f6g7h8i9j0	Run_Tool_A	10/21/2025 0:00	1	9951	T_A_001
mno345	Junior	w1x2y3z4A5B6C7D8E9F0	Run_Tool_A	10/21/2025 0:00	2	9523	T_A_001
567yz567	Junior	a1b2c3d4e5f6g7h8i9j0	Load_Dashboard	10/21/2025 0:00	2	6653	T_A_002
456def4567	Junior	E1F2G3H4I5J6K7L8M9N0	Filter_By_Region	10/21/2025 0:00	3	3713	T_A_002
jkl012345	Senior	a1b2c3d4e5f6g7h8i9j0	Load_Dashboard	10/21/2025 0:00	2	4434	T_A_002
mno345	Junior	s1t2u3v4w5x6y7z8A9B0	Filter_By_Region	10/21/2025 0:00	4	8269	T_A_001
901stu9012	Junior	I1J2K3L4M5N6O7P8Q9R0	Run_Tool_A	10/21/2025 0:00	3	3306	T_A_001
vwx234	Senior	M1N2O3P4Q5R6S7T8U9V0	Load_Dashboard	10/21/2025 0:00	3	1204	T_A_001
vwx2345	Junior	y1z2A3B4C5D6E7F8G9H0	Login	10/21/2025 0:00	2	6919	T_A_002
yz5678	Senior	a1b2c3d4e5f6g7h8i9j0	Load_Dashboard	10/21/2025 0:00	2	6122	T_A_001
012jkl0123	Junior	M1N2O3P4Q5R6S7T8U9V0	Login	10/21/2025 0:00	4	775	T_A_001
jkl012	Senior	e1f2g3h4i5j6k7l8m9n0	Run_Tool_A	10/21/2025 0:00	2	8875	T_A_001
234vwx2345	Senior	m1n2o3p4q5r6s7t8u9v0	Filter_By_Region	10/21/2025 0:00	2	6387	T_A_002
pqr6789	Junior	U1V2W3X4Y5Z6a7b8c9d0	Filter_By_Region	10/21/2025 0:00	3	9808	T_A_001
345mno3456	Junior	e1f2g3h4i5j6k7l8m9n0	Load_Dashboard	10/21/2025 0:00	4	6411	T_A_002
678pqr6	Junior	q1r2s3t4u5v6w7x8y9z0	Run_Tool_A	10/21/2025 0:00	1	5651	T_A_002
901stu9012	Senior	K1L2M3N4O5P6Q7R8S9T0	Load_Dashboard	10/21/2025 0:00	2	9251	T_A_001
456def4	Junior	G1H2I3J4K5L6M7N8O9P0	Run_Tool_A	10/21/2025 0:00	3	2888	T_A_002
stu9012345	Senior	G1H2I3J4K5L6M7N8O9P0	Filter_By_Region	10/21/2025 0:00	2	1705	T_A_001
456def	Senior	k1l2m3n4o5p6q7r8s9t0	Login	10/21/2025 0:00	2	8945	T_A_002
def456789	Senior	C1D2E3F4G5H6I7J8K9L0	Login	10/21/2025 0:00	4	7441	T_A_001
123abc	Senior	g1h2i3j4k5l6m7n8o9p0	Run_Tool_A	10/21/2025 0:00	2	8905	T_A_002
ghi789	Senior	G1H2I3J4K5L6M7N8O9P0	Run_Tool_A	10/21/2025 0:00	2	2151	T_A_001
345mno	Junior	K1L2M3N4O5P6Q7R8S9T0	Run_Tool_A	10/21/2025 0:00	1	234	T_A_002
345mno34	Junior	c1d2e3f4g5h6i7j8k9l0	Login	10/21/2025 0:00	3	9473	T_A_002
012jkl0123	Junior	G1H2I3J4K5L6M7N8O9P0	Filter_By_Region	10/21/2025 0:00	2	1625	T_A_002
mno3456789	Junior	a1b2c3d4e5f6g7h8i9j0	Load_Dashboard	10/21/2025 0:00	3	3108	T_A_001
yz56789	Senior	o1p2q3r4s5t6u7v8w9x0	Run_Tool_A	10/21/2025 0:00	3	1198	T_A_002
012jkl	Junior	i1j2k3l4m5n6o7p8q9r0	Load_Dashboard	10/21/2025 0:00	3	7688	T_A_001
ghi78901	Junior	y1z2A3B4C5D6E7F8G9H0	Filter_By_Region	10/21/2025 0:00	4	2503	T_A_002
jkl0123	Junior	I1J2K3L4M5N6O7P8Q9R0	Login	10/21/2025 0:00	4	7351	T_A_002
012jkl0123	Senior	w1x2y3z4A5B6C7D8E9F0	Run_Tool_A	10/21/2025 0:00	4	218	T_A_002
234vwx2	Junior	Q1R2S3T4U5V6W7X8Y9Z0	Filter_By_Region	10/21/2025 0:00	3	987	T_A_001
012jkl0123	Senior	a1b2c3d4e5f6g7h8i9j0	Filter_By_Region	10/21/2025 0:00	2	6325	T_A_002
def45678	Senior	u1v2w3x4y5z6A7B8C9D0	Login	10/21/2025 0:00	3	639	T_A_002
pqr6789	Junior	U1V2W3X4Y5Z6a7b8c9d0	Login	10/21/2025 0:00	3	7014	T_A_001
mno345	Junior	I1J2K3L4M5N6O7P8Q9R0	Filter_By_Region	10/21/2025 0:00	1	2082	T_A_001
234vwx2345	Junior	c1d2e3f4g5h6i7j8k9l0	Login	10/21/2025 0:00	4	7187	T_A_002
012jkl01	Junior	E1F2G3H4I5J6K7L8M9N0	Login	10/21/2025 0:00	1	7635	T_A_002
345mno3	Senior	w1x2y3z4A5B6C7D8E9F0	Run_Tool_A	10/21/2025 0:00	4	3024	T_A_002
789ghi78	Junior	W1X2Y3Z4a5b6c7d8e9f0	Load_Dashboard	10/21/2025 0:00	2	1174	T_A_002
123abc123	Junior	i1j2k3l4m5n6o7p8q9r0	Login	10/21/2025 0:00	2	6961	T_A_001
def456789	Senior	U1V2W3X4Y5Z6a7b8c9d0	Filter_By_Region	10/21/2025 0:00	3	2993	T_A_002
012jkl	Senior	e1f2g3h4i5j6k7l8m9n0	Login	10/21/2025 0:00	2	4186	T_A_002
stu901234	Junior	O1P2Q3R4S5T6U7V8W9X0	Filter_By_Region	10/21/2025 0:00	2	6905	T_A_002
abc123	Junior	K1L2M3N4O5P6Q7R8S9T0	Load_Dashboard	10/21/2025 0:00	2	9813	T_A_001
012jkl01	Junior	K1L2M3N4O5P6Q7R8S9T0	Login	10/21/2025 0:00	3	4005	T_A_001
345mno345	Junior	I1J2K3L4M5N6O7P8Q9R0	Load_Dashboard	10/21/2025 0:00	3	9823	T_A_002
901stu9012	Senior	m1n2o3p4q5r6s7t8u9v0	Run_Tool_A	10/21/2025 0:00	3	6238	T_A_001
mno34567	Junior	o1p2q3r4s5t6u7v8w9x0	Load_Dashboard	10/21/2025 0:00	1	404	T_A_002
abc123	Junior	i1j2k3l4m5n6o7p8q9r0	Filter_By_Region	10/21/2025 0:00	3	7213	T_A_001
ghi789012	Senior	K1L2M3N4O5P6Q7R8S9T0	Filter_By_Region	10/21/2025 0:00	4	6357	T_A_002
abc123456	Senior	U1V2W3X4Y5Z6a7b8c9d0	Filter_By_Region	10/21/2025 0:00	3	7353	T_A_002
yz5678	Junior	E1F2G3H4I5J6K7L8M9N0	Filter_By_Region	10/21/2025 0:00	1	7696	T_A_002
567yz5	Junior	U1V2W3X4Y5Z6a7b8c9d0	Filter_By_Region	10/21/2025 0:00	4	2702	T_A_001
jkl012345	Senior	G1H2I3J4K5L6M7N8O9P0	Filter_By_Region	10/21/2025 0:00	1	859	T_A_002
345mno3	Senior	s1t2u3v4w5x6y7z8A9B0	Load_Dashboard	10/21/2025 0:00	2	8836	T_A_001
678pqr678	Senior	a1b2c3d4e5f6g7h8i9j0	Login	10/21/2025 0:00	2	3172	T_A_001
234vwx234	Senior	m1n2o3p4q5r6s7t8u9v0	Filter_By_Region	10/21/2025 0:00	3	4376	T_A_002
567yz567	Junior	w1x2y3z4A5B6C7D8E9F0	Filter_By_Region	10/21/2025 0:00	2	4215	T_A_002
789ghi7	Senior	i1j2k3l4m5n6o7p8q9r0	Load_Dashboard	10/21/2025 0:00	2	1459	T_A_002
ghi7890	Senior	M1N2O3P4Q5R6S7T8U9V0	Login	10/21/2025 0:00	1	7922	T_A_002
jkl012345	Senior	g1h2i3j4k5l6m7n8o9p0	Load_Dashboard	10/21/2025 0:00	4	964	T_A_001
abc12345	Junior	c1d2e3f4g5h6i7j8k9l0	Run_Tool_A	10/21/2025 0:00	2	1393	T_A_001
mno3456789	Junior	Y1Z2a3b4c5d6e7f8g9h0	Login	10/21/2025 0:00	1	6043	T_A_002
234vwx2345	Junior	G1H2I3J4K5L6M7N8O9P0	Login	10/21/2025 0:00	2	7778	T_A_002
mno345678	Junior	c1d2e3f4g5h6i7j8k9l0	Login	10/21/2025 0:00	3	577	T_A_002
789ghi78	Senior	Q1R2S3T4U5V6W7X8Y9Z0	Load_Dashboard	10/21/2025 0:00	4	4682	T_A_002
789ghi7890	Senior	q1r2s3t4u5v6w7x8y9z0	Load_Dashboard	10/21/2025 0:00	2	9421	T_A_001
def4567890	Junior	S1T2U3V4W5X6Y7Z8a9b0	Filter_By_Region	10/21/2025 0:00	3	7821	T_A_002
ghi7890123	Senior	s1t2u3v4w5x6y7z8A9B0	Filter_By_Region	10/21/2025 0:00	3	5395	T_A_002
567yz567	Senior	U1V2W3X4Y5Z6a7b8c9d0	Filter_By_Region	10/21/2025 0:00	4	7217	T_A_002
jkl012345	Senior	K1L2M3N4O5P6Q7R8S9T0	Load_Dashboard	10/21/2025 0:00	4	2379	T_A_002
stu90123	Junior	m1n2o3p4q5r6s7t8u9v0	Run_Tool_A	10/21/2025 0:00	4	9006	T_A_001
pqr678901	Junior	G1H2I3J4K5L6M7N8O9P0	Login	10/21/2025 0:00	4	3930	T_A_001
ghi78901	Senior	s1t2u3v4w5x6y7z8A9B0	Load_Dashboard	10/21/2025 0:00	3	7516	T_A_001
jkl01234	Junior	i1j2k3l4m5n6o7p8q9r0	Load_Dashboard	10/21/2025 0:00	2	2026	T_A_002
mno34567	Junior	w1x2y3z4A5B6C7D8E9F0	Run_Tool_A	10/21/2025 0:00	1	3287	T_A_001
def45678	Junior	g1h2i3j4k5l6m7n8o9p0	Run_Tool_A	10/21/2025 0:00	2	9803	T_A_002
012jkl01	Junior	M1N2O3P4Q5R6S7T8U9V0	Run_Tool_A	10/21/2025 0:00	4	1023	T_A_001
vwx234	Senior	Q1R2S3T4U5V6W7X8Y9Z0	Load_Dashboard	10/21/2025 0:00	4	2013	T_A_002
abc12345	Senior	k1l2m3n4o5p6q7r8s9t0	Load_Dashboard	10/21/2025 0:00	4	7143	T_A_002
yz567890	Junior	Q1R2S3T4U5V6W7X8Y9Z0	Load_Dashboard	10/21/2025 0:00	3	301	T_A_001
456def4567	Senior	U1V2W3X4Y5Z6a7b8c9d0	Filter_By_Region	10/21/2025 0:00	4	4837	T_A_001
pqr67890	Senior	E1F2G3H4I5J6K7L8M9N0	Run_Tool_A	10/21/2025 0:00	1	2524	T_A_001
stu9012	Junior	E1F2G3H4I5J6K7L8M9N0	Login	10/21/2025 0:00	2	1592	T_A_002
234vwx2345	Junior	k1l2m3n4o5p6q7r8s9t0	Filter_By_Region	10/21/2025 0:00	4	3886	T_A_001
345mno3	Junior	u1v2w3x4y5z6A7B8C9D0	Run_Tool_A	10/21/2025 0:00	3	583	T_A_002
vwx234567	Senior	U1V2W3X4Y5Z6a7b8c9d0	Filter_By_Region	10/21/2025 0:00	2	9776	T_A_001
123abc1	Senior	O1P2Q3R4S5T6U7V8W9X0	Run_Tool_A	10/21/2025 0:00	2	5128	T_A_001
345mno345	Junior	O1P2Q3R4S5T6U7V8W9X0	Load_Dashboard	10/21/2025 0:00	2	772	T_A_001
789ghi7	Junior	g1h2i3j4k5l6m7n8o9p0	Login	10/21/2025 0:00	4	2328	T_A_002
567yz5678	Senior	k1l2m3n4o5p6q7r8s9t0	Load_Dashboard	10/21/2025 0:00	2	9225	T_A_001
456def456	Senior	G1H2I3J4K5L6M7N8O9P0	Load_Dashboard	10/21/2025 0:00	2	6632	T_A_002
ghi78901	Senior	g1h2i3j4k5l6m7n8o9p0	Filter_By_Region	10/21/2025 0:00	3	172	T_A_001
345mno34	Junior	c1d2e3f4g5h6i7j8k9l0	Login	10/21/2025 0:00	2	8061	T_A_001
345mno34	Junior	y1z2A3B4C5D6E7F8G9H0	Login	10/21/2025 0:00	4	4566	T_A_002
456def	Junior	a1b2c3d4e5f6g7h8i9j0	Load_Dashboard	10/21/2025 0:00	4	5095	T_A_001
pqr678901	Senior	g1h2i3j4k5l6m7n8o9p0	Run_Tool_A	10/21/2025 0:00	1	9491	T_A_001
abc1234567	Senior	S1T2U3V4W5X6Y7Z8a9b0	Filter_By_Region	10/21/2025 0:00	4	6481	T_A_001
123abc12	Senior	y1z2A3B4C5D6E7F8G9H0	Run_Tool_A	10/21/2025 0:00	2	6331	T_A_002
345mno3456	Senior	m1n2o3p4q5r6s7t8u9v0	Login	10/21/2025 0:00	3	1821	T_A_001
012jkl0	Junior	i1j2k3l4m5n6o7p8q9r0	Filter_By_Region	10/21/2025 0:00	4	880	T_A_001
stu901234	Junior	u1v2w3x4y5z6A7B8C9D0	Login	10/21/2025 0:00	2	7462	T_A_002
yz5678	Junior	O1P2Q3R4S5T6U7V8W9X0	Run_Tool_A	10/21/2025 0:00	4	5420	T_A_002
yz56789	Senior	o1p2q3r4s5t6u7v8w9x0	Filter_By_Region	10/21/2025 0:00	3	9688	T_A_002
pqr678901	Senior	A1B2C3D4E5F6G7H8I9J0	Login	10/21/2025 0:00	1	2585	T_A_001
678pqr67	Senior	U1V2W3X4Y5Z6a7b8c9d0	Filter_By_Region	10/21/2025 0:00	1	5960	T_A_002
def456789	Junior	g1h2i3j4k5l6m7n8o9p0	Load_Dashboard	10/21/2025 0:00	2	671	T_A_002
345mno345	Senior	Q1R2S3T4U5V6W7X8Y9Z0	Login	10/21/2025 0:00	4	4030	T_A_002
345mno345	Senior	u1v2w3x4y5z6A7B8C9D0	Filter_By_Region	10/21/2025 0:00	2	1415	T_A_002
456def456	Junior	y1z2A3B4C5D6E7F8G9H0	Login	10/21/2025 0:00	2	4342	T_A_002
678pqr678	Junior	u1v2w3x4y5z6A7B8C9D0	Filter_By_Region	10/21/2025 0:00	1	9726	T_A_002
yz56789	Junior	q1r2s3t4u5v6w7x8y9z0	Load_Dashboard	10/21/2025 0:00	4	1516	T_A_001
678pqr6789	Senior	q1r2s3t4u5v6w7x8y9z0	Filter_By_Region	10/21/2025 0:00	1	8866	T_A_002
yz567890	Junior	U1V2W3X4Y5Z6a7b8c9d0	Login	10/21/2025 0:00	4	6142	T_A_001
012jkl	Senior	o1p2q3r4s5t6u7v8w9x0	Run_Tool_A	10/21/2025 0:00	1	1632	T_A_002
stu901	Junior	U1V2W3X4Y5Z6a7b8c9d0	Filter_By_Region	10/21/2025 0:00	2	6758	T_A_002
abc123456	Senior	e1f2g3h4i5j6k7l8m9n0	Run_Tool_A	10/21/2025 0:00	2	6746	T_A_002
ghi7890	Junior	o1p2q3r4s5t6u7v8w9x0	Filter_By_Region	10/21/2025 0:00	4	2510	T_A_001
jkl0123456	Senior	Q1R2S3T4U5V6W7X8Y9Z0	Login	10/21/2025 0:00	4	7079	T_A_002
ghi789012	Junior	Y1Z2a3b4c5d6e7f8g9h0	Load_Dashboard	10/21/2025 0:00	1	1638	T_A_002
yz56789	Senior	o1p2q3r4s5t6u7v8w9x0	Filter_By_Region	10/21/2025 0:00	4	4006	T_A_001
yz5678901	Junior	m1n2o3p4q5r6s7t8u9v0	Filter_By_Region	10/21/2025 0:00	3	6122	T_A_002
678pqr67	Junior	A1B2C3D4E5F6G7H8I9J0	Filter_By_Region	10/21/2025 0:00	4	415	T_A_001
789ghi	Junior	Y1Z2a3b4c5d6e7f8g9h0	Load_Dashboard	10/21/2025 0:00	2	1750	T_A_001
vwx234567	Junior	k1l2m3n4o5p6q7r8s9t0	Run_Tool_A	10/21/2025 0:00	1	5193	T_A_002
123abc12	Senior	S1T2U3V4W5X6Y7Z8a9b0	Run_Tool_A	10/21/2025 0:00	4	1192	T_A_002
345mno345	Junior	a1b2c3d4e5f6g7h8i9j0	Filter_By_Region	10/21/2025 0:00	4	2756	T_A_002
012jkl	Junior	I1J2K3L4M5N6O7P8Q9R0	Load_Dashboard	10/21/2025 0:00	2	6182	T_A_001
456def4	Senior	i1j2k3l4m5n6o7p8q9r0	Login	10/21/2025 0:00	2	5019	T_A_001
567yz5678	Senior	c1d2e3f4g5h6i7j8k9l0	Filter_By_Region	10/21/2025 0:00	4	5938	T_A_001
678pqr	Junior	Q1R2S3T4U5V6W7X8Y9Z0	Filter_By_Region	10/21/2025 0:00	1	5257	T_A_001
234vwx23	Junior	s1t2u3v4w5x6y7z8A9B0	Login	10/21/2025 0:00	2	6987	T_A_002
789ghi78	Senior	K1L2M3N4O5P6Q7R8S9T0	Login	10/21/2025 0:00	4	6490	T_A_002
345mno345	Senior	i1j2k3l4m5n6o7p8q9r0	Filter_By_Region	10/21/2025 0:00	4	8259	T_A_001
stu901	Senior	U1V2W3X4Y5Z6a7b8c9d0	Load_Dashboard	10/21/2025 0:00	2	2691	T_A_002
123abc123	Junior	m1n2o3p4q5r6s7t8u9v0	Login	10/21/2025 0:00	2	9788	T_A_001
789ghi7	Junior	Q1R2S3T4U5V6W7X8Y9Z0	Run_Tool_A	10/21/2025 0:00	3	6872	T_A_002
901stu9012	Junior	g1h2i3j4k5l6m7n8o9p0	Load_Dashboard	10/21/2025 0:00	3	5554	T_A_002
678pqr	Junior	e1f2g3h4i5j6k7l8m9n0	Login	10/21/2025 0:00	2	2733	T_A_002
vwx234567	Junior	q1r2s3t4u5v6w7x8y9z0	Filter_By_Region	10/21/2025 0:00	2	2550	T_A_002
pqr6789	Junior	g1h2i3j4k5l6m7n8o9p0	Run_Tool_A	10/21/2025 0:00	4	9575	T_A_001
abc123	Junior	Q1R2S3T4U5V6W7X8Y9Z0	Filter_By_Region	10/21/2025 0:00	2	2502	T_A_002
456def4	Senior	c1d2e3f4g5h6i7j8k9l0	Run_Tool_A	10/21/2025 0:00	1	7115	T_A_001
456def456	Junior	G1H2I3J4K5L6M7N8O9P0	Run_Tool_A	10/21/2025 0:00	1	9383	T_A_002
456def4567	Junior	w1x2y3z4A5B6C7D8E9F0	Load_Dashboard	10/21/2025 0:00	4	2625	T_A_001
012jkl01	Senior	W1X2Y3Z4a5b6c7d8e9f0	Run_Tool_A	10/21/2025 0:00	1	5234	T_A_002
def4567	Junior	w1x2y3z4A5B6C7D8E9F0	Login	10/21/2025 0:00	4	8852	T_A_001
def456789	Junior	o1p2q3r4s5t6u7v8w9x0	Load_Dashboard	10/21/2025 0:00	4	7878	T_A_002
012jkl01	Junior	O1P2Q3R4S5T6U7V8W9X0	Login	10/21/2025 0:00	4	4953	T_A_001
901stu90	Junior	I1J2K3L4M5N6O7P8Q9R0	Load_Dashboard	10/21/2025 0:00	2	4573	T_A_001
567yz56	Junior	y1z2A3B4C5D6E7F8G9H0	Login	10/21/2025 0:00	1	838	T_A_002
abc1234567	Junior	A1B2C3D4E5F6G7H8I9J0	Run_Tool_A	10/21/2025 0:00	2	8094	T_A_001
789ghi7890	Junior	I1J2K3L4M5N6O7P8Q9R0	Login	10/21/2025 0:00	3	9004	T_A_001
yz5678901	Senior	S1T2U3V4W5X6Y7Z8a9b0	Login	10/21/2025 0:00	2	889	T_A_001
ghi7890123	Senior	s1t2u3v4w5x6y7z8A9B0	Run_Tool_A	10/21/2025 0:00	1	8569	T_A_002
012jkl0123	Senior	m1n2o3p4q5r6s7t8u9v0	Login	10/21/2025 0:00	2	1750	T_A_001
678pqr678	Junior	g1h2i3j4k5l6m7n8o9p0	Filter_By_Region	10/21/2025 0:00	3	1746	T_A_001
yz56789	Senior	O1P2Q3R4S5T6U7V8W9X0	Run_Tool_A	10/21/2025 0:00	1	7069	T_A_002
jkl012	Senior	C1D2E3F4G5H6I7J8K9L0	Load_Dashboard	10/21/2025 0:00	4	3425	T_A_002
678pqr6	Senior	e1f2g3h4i5j6k7l8m9n0	Filter_By_Region	10/21/2025 0:00	4	3506	T_A_001
ghi78901	Senior	s1t2u3v4w5x6y7z8A9B0	Run_Tool_A	10/21/2025 0:00	3	9103	T_A_001
901stu90	Senior	s1t2u3v4w5x6y7z8A9B0	Run_Tool_A	10/21/2025 0:00	2	3632	T_A_001
def4567890	Junior	u1v2w3x4y5z6A7B8C9D0	Run_Tool_A	10/21/2025 0:00	2	9117	T_A_001
jkl0123	Senior	G1H2I3J4K5L6M7N8O9P0	Filter_By_Region	10/21/2025 0:00	2	6052	T_A_001
ghi7890	Senior	q1r2s3t4u5v6w7x8y9z0	Filter_By_Region	10/21/2025 0:00	2	396	T_A_001
789ghi78	Junior	E1F2G3H4I5J6K7L8M9N0	Filter_By_Region	10/21/2025 0:00	3	1739	T_A_002
def45678	Junior	q1r2s3t4u5v6w7x8y9z0	Login	10/21/2025 0:00	3	765	T_A_001
234vwx	Junior	m1n2o3p4q5r6s7t8u9v0	Load_Dashboard	10/21/2025 0:00	4	149	T_A_001
567yz5	Senior	u1v2w3x4y5z6A7B8C9D0	Login	10/21/2025 0:00	2	1328	T_A_001
abc1234	Junior	M1N2O3P4Q5R6S7T8U9V0	Filter_By_Region	10/21/2025 0:00	4	9387	T_A_002
ghi7890123	Junior	U1V2W3X4Y5Z6a7b8c9d0	Run_Tool_A	10/21/2025 0:00	1	4199	T_A_002
ghi7890	Senior	W1X2Y3Z4a5b6c7d8e9f0	Login	10/21/2025 0:00	3	8734	T_A_001
stu901234	Junior	g1h2i3j4k5l6m7n8o9p0	Login	10/21/2025 0:00	4	4687	T_A_001
123abc	Senior	i1j2k3l4m5n6o7p8q9r0	Load_Dashboard	10/21/2025 0:00	4	9042	T_A_002
345mno345	Senior	u1v2w3x4y5z6A7B8C9D0	Filter_By_Region	10/21/2025 0:00	1	1286	T_A_001
pqr6789012	Junior	a1b2c3d4e5f6g7h8i9j0	Filter_By_Region	10/21/2025 0:00	2	9653	T_A_001
123abc12	Junior	G1H2I3J4K5L6M7N8O9P0	Load_Dashboard	10/21/2025 0:00	1	2309	T_A_001
jkl0123	Junior	K1L2M3N4O5P6Q7R8S9T0	Run_Tool_A	10/21/2025 0:00	4	4270	T_A_002
pqr678	Junior	m1n2o3p4q5r6s7t8u9v0	Load_Dashboard	10/21/2025 0:00	4	4539	T_A_001
vwx23456	Junior	m1n2o3p4q5r6s7t8u9v0	Load_Dashboard	10/21/2025 0:00	1	1966	T_A_002
678pqr6789	Junior	k1l2m3n4o5p6q7r8s9t0	Run_Tool_A	10/21/2025 0:00	2	9391	T_A_001
567yz	Senior	Q1R2S3T4U5V6W7X8Y9Z0	Filter_By_Region	10/21/2025 0:00	2	2509	T_A_002
vwx2345	Senior	m1n2o3p4q5r6s7t8u9v0	Load_Dashboard	10/21/2025 0:00	3	9153	T_A_001
ghi789012	Junior	m1n2o3p4q5r6s7t8u9v0	Login	10/21/2025 0:00	1	9819	T_A_002
abc123456	Senior	M1N2O3P4Q5R6S7T8U9V0	Run_Tool_A	10/21/2025 0:00	4	3558	T_A_002
123abc1	Junior	c1d2e3f4g5h6i7j8k9l0	Filter_By_Region	10/21/2025 0:00	4	2459	T_A_001
123abc1	Junior	g1h2i3j4k5l6m7n8o9p0	Run_Tool_A	10/21/2025 0:00	2	6257	T_A_001
vwx2345	Junior	m1n2o3p4q5r6s7t8u9v0	Run_Tool_A	10/21/2025 0:00	4	7410	T_A_001
789ghi	Senior	K1L2M3N4O5P6Q7R8S9T0	Load_Dashboard	10/21/2025 0:00	2	1842	T_A_002
789ghi	Junior	q1r2s3t4u5v6w7x8y9z0	Filter_By_Region	10/21/2025 0:00	2	3929	T_A_002
vwx2345	Senior	S1T2U3V4W5X6Y7Z8a9b0	Login	10/21/2025 0:00	4	69	T_A_001
012jkl01	Junior	E1F2G3H4I5J6K7L8M9N0	Login	10/21/2025 0:00	3	530	T_A_002
012jkl0123	Senior	s1t2u3v4w5x6y7z8A9B0	Login	10/21/2025 0:00	3	9120	T_A_002
yz5678901	Senior	q1r2s3t4u5v6w7x8y9z0	Login	10/21/2025 0:00	2	3447	T_A_001
pqr678901	Junior	o1p2q3r4s5t6u7v8w9x0	Load_Dashboard	10/21/2025 0:00	2	2114	T_A_002
789ghi	Senior	i1j2k3l4m5n6o7p8q9r0	Filter_By_Region	10/21/2025 0:00	1	6467	T_A_002
vwx2345678	Junior	m1n2o3p4q5r6s7t8u9v0	Load_Dashboard	10/21/2025 0:00	2	1485	T_A_001
678pqr	Junior	S1T2U3V4W5X6Y7Z8a9b0	Login	10/21/2025 0:00	1	7366	T_A_001
stu901234	Junior	u1v2w3x4y5z6A7B8C9D0	Login	10/21/2025 0:00	2	6196	T_A_001
456def4567	Junior	Q1R2S3T4U5V6W7X8Y9Z0	Load_Dashboard	10/21/2025 0:00	4	1788	T_A_002
pqr678	Senior	A1B2C3D4E5F6G7H8I9J0	Filter_By_Region	10/21/2025 0:00	1	1710	T_A_001
vwx234567	Senior	y1z2A3B4C5D6E7F8G9H0	Load_Dashboard	10/21/2025 0:00	1	9099	T_A_002
def45678	Senior	g1h2i3j4k5l6m7n8o9p0	Load_Dashboard	10/21/2025 0:00	1	907	T_A_001
pqr6789012	Junior	G1H2I3J4K5L6M7N8O9P0	Load_Dashboard	10/21/2025 0:00	3	3375	T_A_001
jkl012	Senior	Y1Z2a3b4c5d6e7f8g9h0	Filter_By_Region	10/21/2025 0:00	4	9139	T_A_001
jkl01234	Senior	K1L2M3N4O5P6Q7R8S9T0	Load_Dashboard	10/21/2025 0:00	2	611	T_A_001
901stu90	Junior	s1t2u3v4w5x6y7z8A9B0	Load_Dashboard	10/21/2025 0:00	4	2189	T_A_002
901stu9012	Junior	I1J2K3L4M5N6O7P8Q9R0	Run_Tool_A	10/21/2025 0:00	2	645	T_A_001
678pqr6789	Junior	G1H2I3J4K5L6M7N8O9P0	Run_Tool_A	10/21/2025 0:00	1	3832	T_A_001
678pqr6	Junior	S1T2U3V4W5X6Y7Z8a9b0	Login	10/21/2025 0:00	1	6448	T_A_001
901stu9	Senior	y1z2A3B4C5D6E7F8G9H0	Run_Tool_A	10/21/2025 0:00	1	764	T_A_002
789ghi78	Senior	G1H2I3J4K5L6M7N8O9P0	Load_Dashboard	10/21/2025 0:00	4	4131	T_A_001
345mno34	Senior	O1P2Q3R4S5T6U7V8W9X0	Login	10/21/2025 0:00	3	5833	T_A_002
vwx2345678	Junior	M1N2O3P4Q5R6S7T8U9V0	Filter_By_Region	10/21/2025 0:00	1	2077	T_A_001
vwx2345	Junior	u1v2w3x4y5z6A7B8C9D0	Filter_By_Region	10/21/2025 0:00	3	4875	T_A_001
234vwx23	Junior	Q1R2S3T4U5V6W7X8Y9Z0	Run_Tool_A	10/21/2025 0:00	1	5274	T_A_001
pqr678901	Junior	m1n2o3p4q5r6s7t8u9v0	Filter_By_Region	10/21/2025 0:00	1	3192	T_A_002
yz56789	Senior	w1x2y3z4A5B6C7D8E9F0	Login	10/21/2025 0:00	3	9974	T_A_002
def45678	Senior	I1J2K3L4M5N6O7P8Q9R0	Login	10/21/2025 0:00	2	9332	T_A_001
456def45	Junior	e1f2g3h4i5j6k7l8m9n0	Run_Tool_A	10/21/2025 0:00	1	6135	T_A_001
def456789	Senior	U1V2W3X4Y5Z6a7b8c9d0	Load_Dashboard	10/21/2025 0:00	2	9774	T_A_001
789ghi78	Junior	G1H2I3J4K5L6M7N8O9P0	Filter_By_Region	10/21/2025 0:00	2	2414	T_A_002
jkl0123	Senior	Q1R2S3T4U5V6W7X8Y9Z0	Load_Dashboard	10/21/2025 0:00	1	8829	T_A_001
123abc1234	Senior	u1v2w3x4y5z6A7B8C9D0	Load_Dashboard	10/21/2025 0:00	4	5337	T_A_002
678pqr67	Senior	q1r2s3t4u5v6w7x8y9z0	Load_Dashboard	10/21/2025 0:00	1	2765	T_A_001
abc1234567	Junior	o1p2q3r4s5t6u7v8w9x0	Login	10/21/2025 0:00	2	2091	T_A_001
jkl0123	Senior	u1v2w3x4y5z6A7B8C9D0	Load_Dashboard	10/21/2025 0:00	3	4427	T_A_002
stu901	Junior	a1b2c3d4e5f6g7h8i9j0	Run_Tool_A	10/21/2025 0:00	3	3956	T_A_001
vwx234567	Junior	e1f2g3h4i5j6k7l8m9n0	Login	10/21/2025 0:00	2	9429	T_A_002
567yz56	Junior	U1V2W3X4Y5Z6a7b8c9d0	Login	10/21/2025 0:00	4	10	T_A_001
stu9012345	Junior	u1v2w3x4y5z6A7B8C9D0	Filter_By_Region	10/21/2025 0:00	1	1836	T_A_001
ghi789	Junior	s1t2u3v4w5x6y7z8A9B0	Run_Tool_A	10/21/2025 0:00	4	1361	T_A_002
def456	Senior	U1V2W3X4Y5Z6a7b8c9d0	Filter_By_Region	10/21/2025 0:00	4	725	T_A_001
abc12345	Senior	e1f2g3h4i5j6k7l8m9n0	Filter_By_Region	10/21/2025 0:00	2	9702	T_A_002
345mno	Junior	g1h2i3j4k5l6m7n8o9p0	Load_Dashboard	10/21/2025 0:00	4	9182	T_A_001
678pqr678	Junior	U1V2W3X4Y5Z6a7b8c9d0	Filter_By_Region	10/21/2025 0:00	2	5082	T_A_002
abc1234567	Senior	w1x2y3z4A5B6C7D8E9F0	Login	10/21/2025 0:00	1	2638	T_A_001
012jkl012	Junior	I1J2K3L4M5N6O7P8Q9R0	Login	10/21/2025 0:00	4	4055	T_A_002
yz56789	Junior	O1P2Q3R4S5T6U7V8W9X0	Filter_By_Region	10/21/2025 0:00	4	6666	T_A_001
ghi7890	Senior	E1F2G3H4I5J6K7L8M9N0	Filter_By_Region	10/21/2025 0:00	2	3715	T_A_002
234vwx234	Senior	i1j2k3l4m5n6o7p8q9r0	Load_Dashboard	10/21/2025 0:00	4	2200	T_A_001
345mno3	Senior	E1F2G3H4I5J6K7L8M9N0	Run_Tool_A	10/21/2025 0:00	4	1791	T_A_002
234vwx23	Junior	K1L2M3N4O5P6Q7R8S9T0	Run_Tool_A	10/21/2025 0:00	2	5526	T_A_002
pqr678901	Junior	m1n2o3p4q5r6s7t8u9v0	Login	10/21/2025 0:00	4	9459	T_A_001
yz5678	Junior	E1F2G3H4I5J6K7L8M9N0	Load_Dashboard	10/21/2025 0:00	3	4338	T_A_001
678pqr6	Junior	W1X2Y3Z4a5b6c7d8e9f0	Load_Dashboard	10/21/2025 0:00	4	640	T_A_002
901stu901	Senior	I1J2K3L4M5N6O7P8Q9R0	Filter_By_Region	10/21/2025 0:00	4	2912	T_A_001
901stu	Senior	w1x2y3z4A5B6C7D8E9F0	Filter_By_Region	10/21/2025 0:00	2	9931	T_A_001
234vwx23	Junior	U1V2W3X4Y5Z6a7b8c9d0	Filter_By_Region	10/21/2025 0:00	2	2525	T_A_001
stu9012345	Junior	E1F2G3H4I5J6K7L8M9N0	Run_Tool_A	10/21/2025 0:00	3	6248	T_A_001
yz56789	Senior	y1z2A3B4C5D6E7F8G9H0	Login	10/21/2025 0:00	4	8562	T_A_002
234vwx2	Senior	y1z2A3B4C5D6E7F8G9H0	Load_Dashboard	10/21/2025 0:00	1	7633	T_A_001
stu901	Junior	a1b2c3d4e5f6g7h8i9j0	Login	10/21/2025 0:00	3	7734	T_A_002
234vwx234	Senior	k1l2m3n4o5p6q7r8s9t0	Login	10/21/2025 0:00	3	5663	T_A_001
abc1234567	Junior	g1h2i3j4k5l6m7n8o9p0	Load_Dashboard	10/21/2025 0:00	4	9224	T_A_001
901stu9	Junior	s1t2u3v4w5x6y7z8A9B0	Run_Tool_A	10/21/2025 0:00	1	3499	T_A_001
def456	Junior	g1h2i3j4k5l6m7n8o9p0	Run_Tool_A	10/21/2025 0:00	4	9087	T_A_001
yz5678901	Senior	u1v2w3x4y5z6A7B8C9D0	Run_Tool_A	10/21/2025 0:00	3	9078	T_A_001
jkl012	Junior	U1V2W3X4Y5Z6a7b8c9d0	Run_Tool_A	10/21/2025 0:00	4	3142	T_A_001
456def45	Junior	M1N2O3P4Q5R6S7T8U9V0	Filter_By_Region	10/21/2025 0:00	3	5767	T_A_001
456def4	Junior	O1P2Q3R4S5T6U7V8W9X0	Login	10/21/2025 0:00	3	1752	T_A_001
def456	Junior	k1l2m3n4o5p6q7r8s9t0	Load_Dashboard	10/21/2025 0:00	4	4445	T_A_001
012jkl0	Senior	U1V2W3X4Y5Z6a7b8c9d0	Run_Tool_A	10/21/2025 0:00	3	4466	T_A_001
234vwx2	Junior	A1B2C3D4E5F6G7H8I9J0	Filter_By_Region	10/21/2025 0:00	1	2047	T_A_002
567yz5678	Junior	Y1Z2a3b4c5d6e7f8g9h0	Login	10/21/2025 0:00	4	4989	T_A_001
012jkl012	Junior	g1h2i3j4k5l6m7n8o9p0	Filter_By_Region	10/21/2025 0:00	3	7050	T_A_002
ghi7890123	Junior	g1h2i3j4k5l6m7n8o9p0	Run_Tool_A	10/21/2025 0:00	2	63	T_A_001
abc1234	Senior	k1l2m3n4o5p6q7r8s9t0	Filter_By_Region	10/21/2025 0:00	1	6565	T_A_002
789ghi7	Senior	s1t2u3v4w5x6y7z8A9B0	Login	10/21/2025 0:00	1	32	T_A_001
345mno3456	Senior	G1H2I3J4K5L6M7N8O9P0	Filter_By_Region	10/21/2025 0:00	4	9339	T_A_001
yz5678901	Senior	g1h2i3j4k5l6m7n8o9p0	Run_Tool_A	10/21/2025 0:00	2	8414	T_A_001
567yz5678	Junior	a1b2c3d4e5f6g7h8i9j0	Run_Tool_A	10/21/2025 0:00	3	7733	T_A_002
jkl0123	Senior	C1D2E3F4G5H6I7J8K9L0	Run_Tool_A	10/21/2025 0:00	2	3848	T_A_001
pqr678901	Senior	q1r2s3t4u5v6w7x8y9z0	Load_Dashboard	10/21/2025 0:00	2	4788	T_A_002
ghi78901	Senior	a1b2c3d4e5f6g7h8i9j0	Login	10/21/2025 0:00	4	813	T_A_001
def45678	Junior	K1L2M3N4O5P6Q7R8S9T0	Run_Tool_A	10/21/2025 0:00	3	9118	T_A_001
345mno34	Senior	Q1R2S3T4U5V6W7X8Y9Z0	Run_Tool_A	10/21/2025 0:00	4	9653	T_A_001
901stu9	Junior	i1j2k3l4m5n6o7p8q9r0	Load_Dashboard	10/21/2025 0:00	4	9483	T_A_002
567yz	Junior	Y1Z2a3b4c5d6e7f8g9h0	Load_Dashboard	10/21/2025 0:00	4	8169	T_A_002
jkl012	Senior	u1v2w3x4y5z6A7B8C9D0	Load_Dashboard	10/21/2025 0:00	4	9446	T_A_001
901stu9	Junior	k1l2m3n4o5p6q7r8s9t0	Filter_By_Region	10/21/2025 0:00	3	22	T_A_002
789ghi78	Junior	E1F2G3H4I5J6K7L8M9N0	Load_Dashboard	10/21/2025 0:00	4	5675	T_A_001
abc1234567	Senior	c1d2e3f4g5h6i7j8k9l0	Login	10/21/2025 0:00	3	9173	T_A_002
stu9012	Senior	g1h2i3j4k5l6m7n8o9p0	Filter_By_Region	10/21/2025 0:00	3	8926	T_A_002
789ghi789	Junior	Y1Z2a3b4c5d6e7f8g9h0	Run_Tool_A	10/21/2025 0:00	2	5696	T_A_002
123abc1234	Junior	M1N2O3P4Q5R6S7T8U9V0	Run_Tool_A	10/21/2025 0:00	3	4037	T_A_001
stu9012	Senior	I1J2K3L4M5N6O7P8Q9R0	Load_Dashboard	10/21/2025 0:00	2	4019	T_A_001
vwx23456	Junior	g1h2i3j4k5l6m7n8o9p0	Load_Dashboard	10/21/2025 0:00	4	6711	T_A_001
vwx2345	Senior	a1b2c3d4e5f6g7h8i9j0	Login	10/21/2025 0:00	1	720	T_A_001
123abc12	Senior	U1V2W3X4Y5Z6a7b8c9d0	Run_Tool_A	10/21/2025 0:00	2	6102	T_A_001
yz5678	Junior	W1X2Y3Z4a5b6c7d8e9f0	Login	10/21/2025 0:00	4	2527	T_A_001
mno3456	Senior	q1r2s3t4u5v6w7x8y9z0	Login	10/21/2025 0:00	2	1134	T_A_001
456def4567	Senior	E1F2G3H4I5J6K7L8M9N0	Load_Dashboard	10/21/2025 0:00	2	3445	T_A_001
678pqr67	Senior	G1H2I3J4K5L6M7N8O9P0	Login	10/21/2025 0:00	1	4498	T_A_001
678pqr67	Junior	G1H2I3J4K5L6M7N8O9P0	Login	10/21/2025 0:00	3	3770	T_A_001
123abc12	Senior	y1z2A3B4C5D6E7F8G9H0	Login	10/21/2025 0:00	3	6905	T_A_002
123abc1234	Senior	I1J2K3L4M5N6O7P8Q9R0	Login	10/21/2025 0:00	1	1618	T_A_002
mno34567	Junior	W1X2Y3Z4a5b6c7d8e9f0	Load_Dashboard	10/21/2025 0:00	1	8756	T_A_002
pqr6789	Junior	E1F2G3H4I5J6K7L8M9N0	Run_Tool_A	10/21/2025 0:00	3	2359	T_A_002
vwx2345	Junior	w1x2y3z4A5B6C7D8E9F0	Filter_By_Region	10/21/2025 0:00	2	7328	T_A_002
vwx234567	Senior	m1n2o3p4q5r6s7t8u9v0	Run_Tool_A	10/21/2025 0:00	4	6179	T_A_002
yz56789	Junior	i1j2k3l4m5n6o7p8q9r0	Login	10/21/2025 0:00	4	3830	T_A_001
123abc12	Senior	o1p2q3r4s5t6u7v8w9x0	Login	10/21/2025 0:00	3	5467	T_A_001
yz56789	Senior	A1B2C3D4E5F6G7H8I9J0	Filter_By_Region	10/21/2025 0:00	1	2858	T_A_001
abc12345	Senior	c1d2e3f4g5h6i7j8k9l0	Filter_By_Region	10/21/2025 0:00	2	4488	T_A_001
stu901	Senior	u1v2w3x4y5z6A7B8C9D0	Login	10/21/2025 0:00	1	4866	T_A_001
567yz5	Senior	m1n2o3p4q5r6s7t8u9v0	Run_Tool_A	10/21/2025 0:00	1	7541	T_A_002
345mno3	Senior	s1t2u3v4w5x6y7z8A9B0	Load_Dashboard	10/21/2025 0:00	2	9571	T_A_001
234vwx2	Junior	G1H2I3J4K5L6M7N8O9P0	Filter_By_Region	10/21/2025 0:00	2	3997	T_A_001
012jkl012	Junior	o1p2q3r4s5t6u7v8w9x0	Load_Dashboard	10/21/2025 0:00	4	137	T_A_001
234vwx23	Senior	C1D2E3F4G5H6I7J8K9L0	Load_Dashboard	10/21/2025 0:00	1	3271	T_A_001
789ghi789	Junior	M1N2O3P4Q5R6S7T8U9V0	Filter_By_Region	10/21/2025 0:00	3	1561	T_A_001
789ghi7890	Junior	U1V2W3X4Y5Z6a7b8c9d0	Run_Tool_A	10/21/2025 0:00	2	7503	T_A_002
123abc1234	Junior	O1P2Q3R4S5T6U7V8W9X0	Login	10/21/2025 0:00	3	8667	T_A_001
stu9012345	Junior	s1t2u3v4w5x6y7z8A9B0	Run_Tool_A	10/21/2025 0:00	4	9356	T_A_002
pqr6789	Senior	Q1R2S3T4U5V6W7X8Y9Z0	Filter_By_Region	10/21/2025 0:00	2	9730	T_A_001
jkl012	Senior	w1x2y3z4A5B6C7D8E9F0	Run_Tool_A	10/21/2025 0:00	4	6108	T_A_001
345mno3456	Senior	m1n2o3p4q5r6s7t8u9v0	Filter_By_Region	10/21/2025 0:00	1	4852	T_A_001
456def456	Senior	w1x2y3z4A5B6C7D8E9F0	Filter_By_Region	10/21/2025 0:00	3	9887	T_A_002
def4567	Junior	i1j2k3l4m5n6o7p8q9r0	Run_Tool_A	10/21/2025 0:00	2	3410	T_A_001
345mno34	Junior	G1H2I3J4K5L6M7N8O9P0	Filter_By_Region	10/21/2025 0:00	1	3160	T_A_002
345mno3456	Junior	A1B2C3D4E5F6G7H8I9J0	Load_Dashboard	10/21/2025 0:00	2	8596	T_A_002
123abc123	Senior	a1b2c3d4e5f6g7h8i9j0	Run_Tool_A	10/21/2025 0:00	4	5053	T_A_001
def456789	Junior	k1l2m3n4o5p6q7r8s9t0	Run_Tool_A	10/21/2025 0:00	4	7102	T_A_002
mno34567	Junior	Y1Z2a3b4c5d6e7f8g9h0	Load_Dashboard	10/21/2025 0:00	4	8073	T_A_002
567yz5	Senior	S1T2U3V4W5X6Y7Z8a9b0	Load_Dashboard	10/21/2025 0:00	3	3039	T_A_002
jkl012345	Senior	y1z2A3B4C5D6E7F8G9H0	Filter_By_Region	10/21/2025 0:00	3	71	T_A_001
stu90123	Senior	U1V2W3X4Y5Z6a7b8c9d0	Filter_By_Region	10/21/2025 0:00	2	8572	T_A_001
def4567890	Senior	O1P2Q3R4S5T6U7V8W9X0	Run_Tool_A	10/21/2025 0:00	4	4498	T_A_001
234vwx234	Junior	g1h2i3j4k5l6m7n8o9p0	Load_Dashboard	10/21/2025 0:00	2	4846	T_A_002
567yz5678	Junior	C1D2E3F4G5H6I7J8K9L0	Filter_By_Region	10/21/2025 0:00	2	9445	T_A_001
ghi7890	Senior	S1T2U3V4W5X6Y7Z8a9b0	Load_Dashboard	10/21/2025 0:00	1	3269	T_A_001
234vwx234	Senior	C1D2E3F4G5H6I7J8K9L0	Login	10/21/2025 0:00	1	9195	T_A_001
def456	Junior	y1z2A3B4C5D6E7F8G9H0	Load_Dashboard	10/21/2025 0:00	4	4398	T_A_001
mno345	Junior	I1J2K3L4M5N6O7P8Q9R0	Login	10/21/2025 0:00	2	1526	T_A_001
345mno34	Senior	i1j2k3l4m5n6o7p8q9r0	Login	10/21/2025 0:00	4	9616	T_A_002
123abc123	Junior	E1F2G3H4I5J6K7L8M9N0	Filter_By_Region	10/21/2025 0:00	2	851	T_A_001
456def4	Senior	g1h2i3j4k5l6m7n8o9p0	Filter_By_Region	10/21/2025 0:00	3	5633	T_A_001
ghi7890	Junior	I1J2K3L4M5N6O7P8Q9R0	Load_Dashboard	10/21/2025 0:00	2	3906	T_A_002
012jkl0	Senior	Q1R2S3T4U5V6W7X8Y9Z0	Filter_By_Region	10/21/2025 0:00	1	4496	T_A_002
567yz	Senior	S1T2U3V4W5X6Y7Z8a9b0	Login	10/21/2025 0:00	4	21	T_A_001
pqr6789012	Junior	M1N2O3P4Q5R6S7T8U9V0	Run_Tool_A	10/21/2025 0:00	1	5724	T_A_002
123abc1	Junior	q1r2s3t4u5v6w7x8y9z0	Login	10/21/2025 0:00	4	4457	T_A_001
abc123	Junior	E1F2G3H4I5J6K7L8M9N0	Run_Tool_A	10/21/2025 0:00	2	4077	T_A_001
789ghi7890	Senior	A1B2C3D4E5F6G7H8I9J0	Run_Tool_A	10/21/2025 0:00	3	4778	T_A_002
yz5678	Junior	E1F2G3H4I5J6K7L8M9N0	Filter_By_Region	10/21/2025 0:00	2	1064	T_A_002
012jkl	Junior	E1F2G3H4I5J6K7L8M9N0	Load_Dashboard	10/21/2025 0:00	4	4152	T_A_001
stu9012345	Senior	S1T2U3V4W5X6Y7Z8a9b0	Filter_By_Region	10/21/2025 0:00	2	9532	T_A_002
abc123456	Senior	U1V2W3X4Y5Z6a7b8c9d0	Login	10/21/2025 0:00	3	7358	T_A_002
789ghi78	Junior	w1x2y3z4A5B6C7D8E9F0	Run_Tool_A	10/21/2025 0:00	4	9544	T_A_002
901stu9	Senior	W1X2Y3Z4a5b6c7d8e9f0	Filter_By_Region	10/21/2025 0:00	3	71	T_A_001
mno345	Junior	w1x2y3z4A5B6C7D8E9F0	Load_Dashboard	10/21/2025 0:00	2	5155	T_A_002
012jkl	Senior	a1b2c3d4e5f6g7h8i9j0	Load_Dashboard	10/21/2025 0:00	1	8255	T_A_002
pqr6789012	Junior	m1n2o3p4q5r6s7t8u9v0	Run_Tool_A	10/21/2025 0:00	1	826	T_A_001
jkl012	Junior	C1D2E3F4G5H6I7J8K9L0	Filter_By_Region	10/21/2025 0:00	3	7489	T_A_001
567yz5	Junior	O1P2Q3R4S5T6U7V8W9X0	Run_Tool_A	10/21/2025 0:00	3	2948	T_A_001
jkl012	Senior	S1T2U3V4W5X6Y7Z8a9b0	Login	10/21/2025 0:00	2	3832	T_A_001
789ghi78	Senior	i1j2k3l4m5n6o7p8q9r0	Load_Dashboard	10/21/2025 0:00	4	3398	T_A_001
stu901	Senior	Y1Z2a3b4c5d6e7f8g9h0	Filter_By_Region	10/21/2025 0:00	3	3645	T_A_002
jkl01234	Senior	G1H2I3J4K5L6M7N8O9P0	Login	10/21/2025 0:00	4	5131	T_A_001
jkl01234	Junior	q1r2s3t4u5v6w7x8y9z0	Filter_By_Region	10/21/2025 0:00	3	8943	T_A_001
789ghi78	Junior	m1n2o3p4q5r6s7t8u9v0	Login	10/21/2025 0:00	3	13	T_A_002
345mno3456	Junior	C1D2E3F4G5H6I7J8K9L0	Run_Tool_A	10/21/2025 0:00	4	3502	T_A_001
vwx2345	Junior	Y1Z2a3b4c5d6e7f8g9h0	Login	10/21/2025 0:00	4	8093	T_A_002
yz5678901	Junior	k1l2m3n4o5p6q7r8s9t0	Login	10/21/2025 0:00	4	8761	T_A_001
yz567890	Junior	y1z2A3B4C5D6E7F8G9H0	Login	10/21/2025 0:00	4	9084	T_A_001
234vwx234	Senior	U1V2W3X4Y5Z6a7b8c9d0	Login	10/21/2025 0:00	1	934	T_A_002
yz567890	Senior	E1F2G3H4I5J6K7L8M9N0	Load_Dashboard	10/21/2025 0:00	3	1812	T_A_002
stu901234	Senior	u1v2w3x4y5z6A7B8C9D0	Filter_By_Region	10/21/2025 0:00	3	8522	T_A_001
def45678	Senior	M1N2O3P4Q5R6S7T8U9V0	Filter_By_Region	10/21/2025 0:00	1	3936	T_A_001
abc1234567	Senior	U1V2W3X4Y5Z6a7b8c9d0	Load_Dashboard	10/21/2025 0:00	4	4107	T_A_002
vwx234	Senior	e1f2g3h4i5j6k7l8m9n0	Load_Dashboard	10/21/2025 0:00	4	3193	T_A_002
yz56789	Senior	I1J2K3L4M5N6O7P8Q9R0	Load_Dashboard	10/21/2025 0:00	4	3058	T_A_001
789ghi78	Senior	s1t2u3v4w5x6y7z8A9B0	Run_Tool_A	10/21/2025 0:00	1	3597	T_A_001
456def4567	Senior	K1L2M3N4O5P6Q7R8S9T0	Login	10/21/2025 0:00	4	1746	T_A_002
123abc12	Senior	A1B2C3D4E5F6G7H8I9J0	Filter_By_Region	10/21/2025 0:00	1	226	T_A_002
678pqr6789	Senior	Y1Z2a3b4c5d6e7f8g9h0	Login	10/21/2025 0:00	3	8110	T_A_002
567yz5	Senior	u1v2w3x4y5z6A7B8C9D0	Filter_By_Region	10/21/2025 0:00	2	5592	T_A_002
123abc1	Junior	O1P2Q3R4S5T6U7V8W9X0	Load_Dashboard	10/21/2025 0:00	4	278	T_A_002
456def4	Junior	E1F2G3H4I5J6K7L8M9N0	Login	10/21/2025 0:00	1	377	T_A_002
123abc1	Junior	E1F2G3H4I5J6K7L8M9N0	Load_Dashboard	10/21/2025 0:00	2	9791	T_A_001
123abc123	Junior	c1d2e3f4g5h6i7j8k9l0	Run_Tool_A	10/21/2025 0:00	1	6228	T_A_001
789ghi789	Senior	s1t2u3v4w5x6y7z8A9B0	Run_Tool_A	10/21/2025 0:00	3	6725	T_A_001
yz5678901	Senior	M1N2O3P4Q5R6S7T8U9V0	Filter_By_Region	10/21/2025 0:00	1	3259	T_A_001
yz567890	Junior	Y1Z2a3b4c5d6e7f8g9h0	Filter_By_Region	10/21/2025 0:00	1	3548	T_A_002
vwx2345678	Senior	i1j2k3l4m5n6o7p8q9r0	Login	10/21/2025 0:00	3	8771	T_A_002
567yz5678	Junior	m1n2o3p4q5r6s7t8u9v0	Run_Tool_A	10/21/2025 0:00	1	1527	T_A_002
pqr67890	Senior	u1v2w3x4y5z6A7B8C9D0	Load_Dashboard	10/21/2025 0:00	3	4833	T_A_002
789ghi7	Junior	o1p2q3r4s5t6u7v8w9x0	Login	10/21/2025 0:00	3	4283	T_A_002
234vwx2	Senior	o1p2q3r4s5t6u7v8w9x0	Login	10/21/2025 0:00	1	1126	T_A_002
def4567890	Senior	O1P2Q3R4S5T6U7V8W9X0	Filter_By_Region	10/21/2025 0:00	4	5162	T_A_001
vwx23456	Junior	y1z2A3B4C5D6E7F8G9H0	Login	10/21/2025 0:00	1	9892	T_A_001
pqr6789	Junior	A1B2C3D4E5F6G7H8I9J0	Login	10/21/2025 0:00	3	3946	T_A_001
ghi78901	Senior	e1f2g3h4i5j6k7l8m9n0	Filter_By_Region	10/21/2025 0:00	2	3527	T_A_001
345mno	Senior	u1v2w3x4y5z6A7B8C9D0	Filter_By_Region	10/21/2025 0:00	3	8843	T_A_001
pqr6789	Junior	W1X2Y3Z4a5b6c7d8e9f0	Load_Dashboard	10/21/2025 0:00	4	726	T_A_002
ghi789012	Senior	G1H2I3J4K5L6M7N8O9P0	Load_Dashboard	10/21/2025 0:00	4	9713	T_A_002
stu901234	Junior	g1h2i3j4k5l6m7n8o9p0	Login	10/21/2025 0:00	4	502	T_A_001
mno345678	Junior	U1V2W3X4Y5Z6a7b8c9d0	Run_Tool_A	10/21/2025 0:00	2	2693	T_A_001
vwx23456	Senior	u1v2w3x4y5z6A7B8C9D0	Filter_By_Region	10/21/2025 0:00	1	9310	T_A_001
345mno345	Senior	W1X2Y3Z4a5b6c7d8e9f0	Login	10/21/2025 0:00	1	5081	T_A_002
345mno3456	Junior	I1J2K3L4M5N6O7P8Q9R0	Run_Tool_A	10/21/2025 0:00	4	8049	T_A_001
pqr67890	Junior	u1v2w3x4y5z6A7B8C9D0	Login	10/21/2025 0:00	1	4238	T_A_002
123abc1234	Senior	S1T2U3V4W5X6Y7Z8a9b0	Login	10/21/2025 0:00	3	7139	T_A_001
mno345678	Senior	s1t2u3v4w5x6y7z8A9B0	Filter_By_Region	10/21/2025 0:00	2	4485	T_A_002
012jkl01	Senior	S1T2U3V4W5X6Y7Z8a9b0	Run_Tool_A	10/21/2025 0:00	3	2010	T_A_002
012jkl01	Senior	a1b2c3d4e5f6g7h8i9j0	Run_Tool_A	10/21/2025 0:00	1	2501	T_A_002
yz567890	Junior	o1p2q3r4s5t6u7v8w9x0	Run_Tool_A	10/21/2025 0:00	3	7700	T_A_001
ghi789012	Junior	M1N2O3P4Q5R6S7T8U9V0	Filter_By_Region	10/21/2025 0:00	4	6678	T_A_001
012jkl01	Senior	W1X2Y3Z4a5b6c7d8e9f0	Filter_By_Region	10/21/2025 0:00	1	3435	T_A_001
123abc1234	Senior	s1t2u3v4w5x6y7z8A9B0	Run_Tool_A	10/21/2025 0:00	2	8144	T_A_002
012jkl0123	Senior	U1V2W3X4Y5Z6a7b8c9d0	Filter_By_Region	10/21/2025 0:00	2	5869	T_A_001
vwx234	Junior	k1l2m3n4o5p6q7r8s9t0	Login	10/21/2025 0:00	4	9527	T_A_001
012jkl0123	Senior	U1V2W3X4Y5Z6a7b8c9d0	Filter_By_Region	10/21/2025 0:00	2	4081	T_A_002
123abc1234	Senior	a1b2c3d4e5f6g7h8i9j0	Run_Tool_A	10/21/2025 0:00	2	4424	T_A_002
vwx23456	Senior	k1l2m3n4o5p6q7r8s9t0	Run_Tool_A	10/21/2025 0:00	4	4241	T_A_001
789ghi7	Junior	s1t2u3v4w5x6y7z8A9B0	Filter_By_Region	10/21/2025 0:00	4	6416	T_A_002
pqr6789	Senior	o1p2q3r4s5t6u7v8w9x0	Run_Tool_A	10/21/2025 0:00	2	2993	T_A_001
234vwx234	Junior	m1n2o3p4q5r6s7t8u9v0	Login	10/21/2025 0:00	1	694	T_A_001
456def4	Senior	s1t2u3v4w5x6y7z8A9B0	Filter_By_Region	10/21/2025 0:00	1	5417	T_A_001
yz56789	Senior	E1F2G3H4I5J6K7L8M9N0	Filter_By_Region	10/21/2025 0:00	1	7977	T_A_002
vwx234567	Junior	U1V2W3X4Y5Z6a7b8c9d0	Load_Dashboard	10/21/2025 0:00	2	6546	T_A_002
456def4	Senior	O1P2Q3R4S5T6U7V8W9X0	Filter_By_Region	10/21/2025 0:00	4	6656	T_A_002
234vwx234	Senior	M1N2O3P4Q5R6S7T8U9V0	Run_Tool_A	10/21/2025 0:00	3	1750	T_A_001
mno3456789	Junior	Y1Z2a3b4c5d6e7f8g9h0	Load_Dashboard	10/21/2025 0:00	2	3661	T_A_002
pqr678901	Senior	o1p2q3r4s5t6u7v8w9x0	Filter_By_Region	10/21/2025 0:00	1	1217	T_A_001
234vwx2345	Junior	g1h2i3j4k5l6m7n8o9p0	Filter_By_Region	10/21/2025 0:00	4	3155	T_A_001
jkl01234	Junior	e1f2g3h4i5j6k7l8m9n0	Load_Dashboard	10/21/2025 0:00	3	1327	T_A_001
567yz5678	Senior	k1l2m3n4o5p6q7r8s9t0	Filter_By_Region	10/21/2025 0:00	2	6866	T_A_001
789ghi	Senior	E1F2G3H4I5J6K7L8M9N0	Run_Tool_A	10/21/2025 0:00	2	6212	T_A_002
pqr67890	Senior	S1T2U3V4W5X6Y7Z8a9b0	Login	10/21/2025 0:00	3	1989	T_A_002
789ghi78	Junior	S1T2U3V4W5X6Y7Z8a9b0	Login	10/21/2025 0:00	2	8168	T_A_002
stu901234	Junior	o1p2q3r4s5t6u7v8w9x0	Run_Tool_A	10/21/2025 0:00	1	1420	T_A_001
yz5678	Junior	o1p2q3r4s5t6u7v8w9x0	Filter_By_Region	10/21/2025 0:00	3	7337	T_A_002
stu9012	Senior	c1d2e3f4g5h6i7j8k9l0	Run_Tool_A	10/21/2025 0:00	3	1995	T_A_001
def45678	Senior	w1x2y3z4A5B6C7D8E9F0	Load_Dashboard	10/21/2025 0:00	4	8971	T_A_002
pqr67890	Junior	w1x2y3z4A5B6C7D8E9F0	Login	10/21/2025 0:00	2	9631	T_A_002
901stu9012	Senior	q1r2s3t4u5v6w7x8y9z0	Login	10/21/2025 0:00	1	3577	T_A_002
yz5678	Junior	E1F2G3H4I5J6K7L8M9N0	Load_Dashboard	10/21/2025 0:00	1	8072	T_A_001
jkl0123456	Junior	C1D2E3F4G5H6I7J8K9L0	Login	10/21/2025 0:00	4	5033	T_A_001
ghi7890123	Junior	s1t2u3v4w5x6y7z8A9B0	Run_Tool_A	10/21/2025 0:00	4	8359	T_A_001
def456	Senior	K1L2M3N4O5P6Q7R8S9T0	Run_Tool_A	10/21/2025 0:00	2	9152	T_A_002
pqr678901	Senior	u1v2w3x4y5z6A7B8C9D0	Load_Dashboard	10/21/2025 0:00	1	9857	T_A_001
abc12345	Junior	G1H2I3J4K5L6M7N8O9P0	Load_Dashboard	10/21/2025 0:00	3	9995	T_A_002
234vwx	Junior	u1v2w3x4y5z6A7B8C9D0	Run_Tool_A	10/21/2025 0:00	2	1845	T_A_001
vwx2345	Junior	S1T2U3V4W5X6Y7Z8a9b0	Run_Tool_A	10/21/2025 0:00	4	8112	T_A_001
def45678	Junior	a1b2c3d4e5f6g7h8i9j0	Run_Tool_A	10/21/2025 0:00	1	9702	T_A_002
pqr6789	Junior	S1T2U3V4W5X6Y7Z8a9b0	Filter_By_Region	10/21/2025 0:00	3	4869	T_A_001
ghi789	Junior	I1J2K3L4M5N6O7P8Q9R0	Filter_By_Region	10/21/2025 0:00	3	7083	T_A_002
123abc12	Senior	g1h2i3j4k5l6m7n8o9p0	Login	10/21/2025 0:00	4	2487	T_A_001
012jkl0	Senior	W1X2Y3Z4a5b6c7d8e9f0	Run_Tool_A	10/21/2025 0:00	4	7350	T_A_001
123abc123	Junior	s1t2u3v4w5x6y7z8A9B0	Run_Tool_A	10/21/2025 0:00	1	91	T_A_001
jkl0123	Senior	U1V2W3X4Y5Z6a7b8c9d0	Filter_By_Region	10/21/2025 0:00	3	8918	T_A_001
ghi7890123	Junior	a1b2c3d4e5f6g7h8i9j0	Login	10/21/2025 0:00	4	3951	T_A_001
abc123456	Senior	O1P2Q3R4S5T6U7V8W9X0	Filter_By_Region	10/21/2025 0:00	4	2536	T_A_002
abc123456	Senior	G1H2I3J4K5L6M7N8O9P0	Filter_By_Region	10/21/2025 0:00	2	3292	T_A_002
jkl0123	Senior	U1V2W3X4Y5Z6a7b8c9d0	Login	10/21/2025 0:00	1	5937	T_A_002
123abc1234	Junior	y1z2A3B4C5D6E7F8G9H0	Filter_By_Region	10/21/2025 0:00	4	4882	T_A_002
mno345678	Junior	I1J2K3L4M5N6O7P8Q9R0	Login	10/21/2025 0:00	4	5173	T_A_002
789ghi7890	Junior	M1N2O3P4Q5R6S7T8U9V0	Login	10/21/2025 0:00	2	5045	T_A_002
yz5678	Senior	a1b2c3d4e5f6g7h8i9j0	Load_Dashboard	10/21/2025 0:00	2	8679	T_A_001
678pqr	Junior	O1P2Q3R4S5T6U7V8W9X0	Login	10/21/2025 0:00	3	5822	T_A_001
345mno345	Senior	m1n2o3p4q5r6s7t8u9v0	Load_Dashboard	10/21/2025 0:00	4	6441	T_A_002
901stu901	Senior	q1r2s3t4u5v6w7x8y9z0	Filter_By_Region	10/21/2025 0:00	2	691	T_A_001
345mno3456	Senior	w1x2y3z4A5B6C7D8E9F0	Load_Dashboard	10/21/2025 0:00	2	4943	T_A_001
mno34567	Senior	g1h2i3j4k5l6m7n8o9p0	Load_Dashboard	10/21/2025 0:00	4	8265	T_A_002
789ghi789	Junior	a1b2c3d4e5f6g7h8i9j0	Login	10/21/2025 0:00	2	1769	T_A_002
stu901234	Junior	Q1R2S3T4U5V6W7X8Y9Z0	Login	10/21/2025 0:00	3	9071	T_A_002
345mno345	Junior	M1N2O3P4Q5R6S7T8U9V0	Login	10/21/2025 0:00	4	9102	T_A_002
234vwx	Junior	i1j2k3l4m5n6o7p8q9r0	Load_Dashboard	10/21/2025 0:00	3	2619	T_A_001
vwx234	Senior	Y1Z2a3b4c5d6e7f8g9h0	Run_Tool_A	10/21/2025 0:00	1	3504	T_A_001
345mno	Senior	k1l2m3n4o5p6q7r8s9t0	Load_Dashboard	10/21/2025 0:00	4	3772	T_A_001
678pqr6789	Senior	o1p2q3r4s5t6u7v8w9x0	Load_Dashboard	10/21/2025 0:00	2	4635	T_A_001
stu90123	Senior	O1P2Q3R4S5T6U7V8W9X0	Run_Tool_A	10/21/2025 0:00	4	2505	T_A_002
ghi78901	Senior	a1b2c3d4e5f6g7h8i9j0	Filter_By_Region	10/21/2025 0:00	1	1395	T_A_002
vwx2345678	Senior	m1n2o3p4q5r6s7t8u9v0	Filter_By_Region	10/21/2025 0:00	3	1834	T_A_002
123abc123	Senior	Q1R2S3T4U5V6W7X8Y9Z0	Load_Dashboard	10/21/2025 0:00	3	7344	T_A_001
pqr67890	Junior	Y1Z2a3b4c5d6e7f8g9h0	Login	10/21/2025 0:00	2	9887	T_A_002
abc1234	Junior	A1B2C3D4E5F6G7H8I9J0	Run_Tool_A	10/21/2025 0:00	4	6449	T_A_002
234vwx234	Junior	W1X2Y3Z4a5b6c7d8e9f0	Load_Dashboard	10/21/2025 0:00	2	3247	T_A_002
pqr6789	Junior	S1T2U3V4W5X6Y7Z8a9b0	Run_Tool_A	10/21/2025 0:00	3	3824	T_A_001
mno345678	Senior	G1H2I3J4K5L6M7N8O9P0	Login	10/21/2025 0:00	3	5575	T_A_002
jkl012	Senior	i1j2k3l4m5n6o7p8q9r0	Load_Dashboard	10/21/2025 0:00	1	2894	T_A_002
012jkl0123	Senior	S1T2U3V4W5X6Y7Z8a9b0	Filter_By_Region	10/21/2025 0:00	2	6097	T_A_002
567yz	Junior	g1h2i3j4k5l6m7n8o9p0	Login	10/21/2025 0:00	2	5195	T_A_002
345mno3	Junior	w1x2y3z4A5B6C7D8E9F0	Login	10/21/2025 0:00	3	1003	T_A_001
456def45	Senior	Y1Z2a3b4c5d6e7f8g9h0	Load_Dashboard	10/21/2025 0:00	4	8375	T_A_002
678pqr6	Junior	k1l2m3n4o5p6q7r8s9t0	Login	10/21/2025 0:00	2	9926	T_A_001
ghi789	Junior	u1v2w3x4y5z6A7B8C9D0	Login	10/21/2025 0:00	4	1726	T_A_001
678pqr	Junior	K1L2M3N4O5P6Q7R8S9T0	Run_Tool_A	10/21/2025 0:00	3	4156	T_A_002
123abc	Senior	E1F2G3H4I5J6K7L8M9N0	Run_Tool_A	10/21/2025 0:00	2	9771	T_A_001
abc1234	Junior	w1x2y3z4A5B6C7D8E9F0	Login	10/21/2025 0:00	4	2496	T_A_002
pqr678	Senior	s1t2u3v4w5x6y7z8A9B0	Load_Dashboard	10/21/2025 0:00	2	2268	T_A_001
567yz5678	Junior	A1B2C3D4E5F6G7H8I9J0	Filter_By_Region	10/21/2025 0:00	2	1894	T_A_001
678pqr6789	Junior	O1P2Q3R4S5T6U7V8W9X0	Run_Tool_A	10/21/2025 0:00	1	2289	T_A_002
901stu9012	Junior	E1F2G3H4I5J6K7L8M9N0	Run_Tool_A	10/21/2025 0:00	4	3818	T_A_001
stu901234	Junior	w1x2y3z4A5B6C7D8E9F0	Filter_By_Region	10/21/2025 0:00	2	4399	T_A_002
def456	Senior	i1j2k3l4m5n6o7p8q9r0	Login	10/21/2025 0:00	3	3962	T_A_001
234vwx234	Junior	k1l2m3n4o5p6q7r8s9t0	Filter_By_Region	10/21/2025 0:00	4	934	T_A_001
def4567890	Senior	M1N2O3P4Q5R6S7T8U9V0	Run_Tool_A	10/21/2025 0:00	3	6803	T_A_002
234vwx2345	Junior	a1b2c3d4e5f6g7h8i9j0	Run_Tool_A	10/21/2025 0:00	2	6587	T_A_001
jkl012	Senior	G1H2I3J4K5L6M7N8O9P0	Run_Tool_A	10/21/2025 0:00	2	1839	T_A_002
stu9012345	Senior	g1h2i3j4k5l6m7n8o9p0	Load_Dashboard	10/21/2025 0:00	1	8682	T_A_001
234vwx2	Senior	s1t2u3v4w5x6y7z8A9B0	Login	10/21/2025 0:00	4	6967	T_A_001
678pqr6789	Senior	Q1R2S3T4U5V6W7X8Y9Z0	Filter_By_Region	10/21/2025 0:00	1	8597	T_A_002
yz56789	Junior	I1J2K3L4M5N6O7P8Q9R0	Filter_By_Region	10/21/2025 0:00	2	2498	T_A_002
ghi789012	Senior	Q1R2S3T4U5V6W7X8Y9Z0	Filter_By_Region	10/21/2025 0:00	1	1489	T_A_002
pqr6789	Junior	K1L2M3N4O5P6Q7R8S9T0	Login	10/21/2025 0:00	1	936	T_A_002
pqr678	Senior	a1b2c3d4e5f6g7h8i9j0	Filter_By_Region	10/21/2025 0:00	2	5914	T_A_002
123abc123	Junior	I1J2K3L4M5N6O7P8Q9R0	Load_Dashboard	10/21/2025 0:00	4	4766	T_A_001
123abc	Senior	G1H2I3J4K5L6M7N8O9P0	Run_Tool_A	10/21/2025 0:00	3	2558	T_A_001
456def45	Senior	W1X2Y3Z4a5b6c7d8e9f0	Filter_By_Region	10/21/2025 0:00	4	8670	T_A_002
yz56789	Senior	O1P2Q3R4S5T6U7V8W9X0	Run_Tool_A	10/21/2025 0:00	4	3144	T_A_002
def456789	Senior	i1j2k3l4m5n6o7p8q9r0	Filter_By_Region	10/21/2025 0:00	3	1843	T_A_001
ghi7890123	Senior	q1r2s3t4u5v6w7x8y9z0	Login	10/21/2025 0:00	2	4526	T_A_001
567yz567	Senior	s1t2u3v4w5x6y7z8A9B0	Run_Tool_A	10/21/2025 0:00	1	4944	T_A_002
jkl0123	Senior	c1d2e3f4g5h6i7j8k9l0	Load_Dashboard	10/21/2025 0:00	2	1002	T_A_002
123abc1234	Junior	E1F2G3H4I5J6K7L8M9N0	Load_Dashboard	10/21/2025 0:00	2	538	T_A_001
vwx2345	Senior	O1P2Q3R4S5T6U7V8W9X0	Load_Dashboard	10/21/2025 0:00	3	8047	T_A_001
abc1234	Junior	W1X2Y3Z4a5b6c7d8e9f0	Login	10/21/2025 0:00	1	4209	T_A_002
012jkl0	Senior	s1t2u3v4w5x6y7z8A9B0	Filter_By_Region	10/21/2025 0:00	2	1573	T_A_001
yz56789	Junior	i1j2k3l4m5n6o7p8q9r0	Filter_By_Region	10/21/2025 0:00	1	9133	T_A_002
456def	Junior	k1l2m3n4o5p6q7r8s9t0	Load_Dashboard	10/21/2025 0:00	2	8021	T_A_002
678pqr6	Junior	E1F2G3H4I5J6K7L8M9N0	Load_Dashboard	10/21/2025 0:00	2	5700	T_A_002
012jkl01	Senior	o1p2q3r4s5t6u7v8w9x0	Load_Dashboard	10/21/2025 0:00	2	1477	T_A_002
678pqr678	Senior	a1b2c3d4e5f6g7h8i9j0	Run_Tool_A	10/21/2025 0:00	4	9454	T_A_002
234vwx234	Senior	G1H2I3J4K5L6M7N8O9P0	Run_Tool_A	10/21/2025 0:00	1	9285	T_A_001
ghi7890123	Senior	a1b2c3d4e5f6g7h8i9j0	Login	10/21/2025 0:00	2	8670	T_A_001
def45678	Junior	c1d2e3f4g5h6i7j8k9l0	Filter_By_Region	10/21/2025 0:00	1	678	T_A_001
789ghi789	Senior	Y1Z2a3b4c5d6e7f8g9h0	Filter_By_Region	10/21/2025 0:00	2	1751	T_A_001
234vwx234	Senior	a1b2c3d4e5f6g7h8i9j0	Login	10/21/2025 0:00	1	8734	T_A_001
234vwx2345	Senior	q1r2s3t4u5v6w7x8y9z0	Filter_By_Region	10/21/2025 0:00	4	1520	T_A_001
345mno345	Junior	e1f2g3h4i5j6k7l8m9n0	Run_Tool_A	10/21/2025 0:00	4	1527	T_A_001
123abc	Junior	W1X2Y3Z4a5b6c7d8e9f0	Load_Dashboard	10/21/2025 0:00	4	4195	T_A_002
456def45	Junior	A1B2C3D4E5F6G7H8I9J0	Load_Dashboard	10/21/2025 0:00	1	280	T_A_002
ghi789012	Junior	a1b2c3d4e5f6g7h8i9j0	Login	10/21/2025 0:00	1	1818	T_A_001
abc123456	Junior	G1H2I3J4K5L6M7N8O9P0	Run_Tool_A	10/21/2025 0:00	1	2510	T_A_001
ghi7890	Senior	E1F2G3H4I5J6K7L8M9N0	Login	10/21/2025 0:00	3	5922	T_A_002
345mno34	Senior	O1P2Q3R4S5T6U7V8W9X0	Load_Dashboard	10/21/2025 0:00	2	542	T_A_002
789ghi	Senior	u1v2w3x4y5z6A7B8C9D0	Filter_By_Region	10/21/2025 0:00	3	3114	T_A_002
012jkl01	Senior	U1V2W3X4Y5Z6a7b8c9d0	Filter_By_Region	10/21/2025 0:00	3	1991	T_A_002
456def	Senior	w1x2y3z4A5B6C7D8E9F0	Login	10/21/2025 0:00	2	3651	T_A_002
012jkl	Junior	i1j2k3l4m5n6o7p8q9r0	Login	10/21/2025 0:00	1	6529	T_A_002
456def4567	Senior	s1t2u3v4w5x6y7z8A9B0	Filter_By_Region	10/21/2025 0:00	2	4177	T_A_002
567yz5	Senior	S1T2U3V4W5X6Y7Z8a9b0	Load_Dashboard	10/21/2025 0:00	1	5384	T_A_001
abc1234	Senior	A1B2C3D4E5F6G7H8I9J0	Login	10/21/2025 0:00	3	990	T_A_002
789ghi	Senior	o1p2q3r4s5t6u7v8w9x0	Load_Dashboard	10/21/2025 0:00	3	8727	T_A_002
567yz5678	Senior	i1j2k3l4m5n6o7p8q9r0	Run_Tool_A	10/21/2025 0:00	2	8724	T_A_002
901stu	Junior	I1J2K3L4M5N6O7P8Q9R0	Filter_By_Region	10/21/2025 0:00	2	9631	T_A_001
901stu901	Senior	s1t2u3v4w5x6y7z8A9B0	Load_Dashboard	10/21/2025 0:00	1	211	T_A_002
456def4	Junior	i1j2k3l4m5n6o7p8q9r0	Load_Dashboard	10/21/2025 0:00	4	3974	T_A_001
abc1234	Junior	U1V2W3X4Y5Z6a7b8c9d0	Filter_By_Region	10/21/2025 0:00	2	7658	T_A_001
def4567	Senior	M1N2O3P4Q5R6S7T8U9V0	Login	10/21/2025 0:00	2	7093	T_A_002
ghi7890	Senior	m1n2o3p4q5r6s7t8u9v0	Load_Dashboard	10/21/2025 0:00	2	3260	T_A_002
901stu9012	Senior	Q1R2S3T4U5V6W7X8Y9Z0	Load_Dashboard	10/21/2025 0:00	1	6267	T_A_002
234vwx23	Senior	m1n2o3p4q5r6s7t8u9v0	Filter_By_Region	10/21/2025 0:00	4	545	T_A_001
123abc1234	Senior	S1T2U3V4W5X6Y7Z8a9b0	Load_Dashboard	10/21/2025 0:00	4	8601	T_A_002
456def4567	Junior	o1p2q3r4s5t6u7v8w9x0	Filter_By_Region	10/21/2025 0:00	4	1569	T_A_002
123abc	Senior	G1H2I3J4K5L6M7N8O9P0	Login	10/21/2025 0:00	1	2158	T_A_001
ghi7890	Senior	U1V2W3X4Y5Z6a7b8c9d0	Load_Dashboard	10/21/2025 0:00	4	4771	T_A_002
mno345678	Junior	u1v2w3x4y5z6A7B8C9D0	Run_Tool_A	10/21/2025 0:00	1	8291	T_A_001
678pqr678	Junior	e1f2g3h4i5j6k7l8m9n0	Load_Dashboard	10/21/2025 0:00	3	5225	T_A_002
234vwx2345	Junior	i1j2k3l4m5n6o7p8q9r0	Filter_By_Region	10/21/2025 0:00	3	1535	T_A_001
mno34567	Junior	u1v2w3x4y5z6A7B8C9D0	Filter_By_Region	10/21/2025 0:00	3	1894	T_A_002
stu9012	Junior	I1J2K3L4M5N6O7P8Q9R0	Login	10/21/2025 0:00	1	446	T_A_001
ghi7890	Junior	g1h2i3j4k5l6m7n8o9p0	Filter_By_Region	10/21/2025 0:00	4	2447	T_A_001
234vwx	Senior	W1X2Y3Z4a5b6c7d8e9f0	Run_Tool_A	10/21/2025 0:00	3	1316	T_A_002
vwx2345678	Senior	s1t2u3v4w5x6y7z8A9B0	Load_Dashboard	10/21/2025 0:00	1	2715	T_A_001
ghi7890123	Junior	C1D2E3F4G5H6I7J8K9L0	Filter_By_Region	10/21/2025 0:00	2	996	T_A_001
ghi789012	Junior	A1B2C3D4E5F6G7H8I9J0	Login	10/21/2025 0:00	1	3740	T_A_001
def4567890	Junior	Q1R2S3T4U5V6W7X8Y9Z0	Run_Tool_A	10/21/2025 0:00	2	3518	T_A_002
345mno	Senior	a1b2c3d4e5f6g7h8i9j0	Filter_By_Region	10/21/2025 0:00	4	3480	T_A_001
234vwx234	Junior	U1V2W3X4Y5Z6a7b8c9d0	Filter_By_Region	10/21/2025 0:00	2	1301	T_A_002
012jkl0	Senior	i1j2k3l4m5n6o7p8q9r0	Run_Tool_A	10/21/2025 0:00	1	3176	T_A_002
234vwx	Junior	Y1Z2a3b4c5d6e7f8g9h0	Run_Tool_A	10/21/2025 0:00	3	3128	T_A_002
mno345678	Junior	K1L2M3N4O5P6Q7R8S9T0	Run_Tool_A	10/21/2025 0:00	4	941	T_A_002
yz567890	Junior	W1X2Y3Z4a5b6c7d8e9f0	Filter_By_Region	10/21/2025 0:00	3	8869	T_A_001
234vwx2	Junior	o1p2q3r4s5t6u7v8w9x0	Filter_By_Region	10/21/2025 0:00	1	5349	T_A_001
stu9012345	Junior	A1B2C3D4E5F6G7H8I9J0	Login	10/21/2025 0:00	1	3519	T_A_001
abc12345	Senior	o1p2q3r4s5t6u7v8w9x0	Login	10/21/2025 0:00	1	2290	T_A_001
234vwx2	Senior	o1p2q3r4s5t6u7v8w9x0	Filter_By_Region	10/21/2025 0:00	1	185	T_A_002
ghi789012	Junior	C1D2E3F4G5H6I7J8K9L0	Login	10/21/2025 0:00	3	6829	T_A_001
jkl012	Junior	c1d2e3f4g5h6i7j8k9l0	Run_Tool_A	10/21/2025 0:00	1	9649	T_A_002
abc12345	Junior	C1D2E3F4G5H6I7J8K9L0	Run_Tool_A	10/21/2025 0:00	1	9165	T_A_002
123abc12	Junior	a1b2c3d4e5f6g7h8i9j0	Login	10/21/2025 0:00	2	5561	T_A_002
456def45	Senior	A1B2C3D4E5F6G7H8I9J0	Filter_By_Region	10/21/2025 0:00	2	4368	T_A_002
jkl012	Junior	c1d2e3f4g5h6i7j8k9l0	Load_Dashboard	10/21/2025 0:00	1	1034	T_A_002
012jkl012	Junior	a1b2c3d4e5f6g7h8i9j0	Login	10/21/2025 0:00	3	92	T_A_001
pqr6789	Senior	u1v2w3x4y5z6A7B8C9D0	Filter_By_Region	10/21/2025 0:00	2	5955	T_A_001
stu90123	Junior	k1l2m3n4o5p6q7r8s9t0	Load_Dashboard	10/21/2025 0:00	2	888	T_A_001
456def45	Junior	W1X2Y3Z4a5b6c7d8e9f0	Load_Dashboard	10/21/2025 0:00	1	546	T_A_001
789ghi789	Senior	I1J2K3L4M5N6O7P8Q9R0	Load_Dashboard	10/21/2025 0:00	1	3824	T_A_002
012jkl01	Junior	q1r2s3t4u5v6w7x8y9z0	Run_Tool_A	10/21/2025 0:00	4	5586	T_A_001
012jkl0123	Senior	A1B2C3D4E5F6G7H8I9J0	Load_Dashboard	10/21/2025 0:00	3	4304	T_A_002
pqr67890	Senior	o1p2q3r4s5t6u7v8w9x0	Login	10/21/2025 0:00	2	6936	T_A_002
567yz5	Senior	g1h2i3j4k5l6m7n8o9p0	Run_Tool_A	10/21/2025 0:00	3	5751	T_A_002
012jkl0123	Junior	c1d2e3f4g5h6i7j8k9l0	Load_Dashboard	10/21/2025 0:00	4	6495	T_A_001
678pqr6	Senior	O1P2Q3R4S5T6U7V8W9X0	Login	10/21/2025 0:00	1	6529	T_A_001
234vwx23	Senior	o1p2q3r4s5t6u7v8w9x0	Login	10/21/2025 0:00	1	9126	T_A_001
mno34567	Senior	C1D2E3F4G5H6I7J8K9L0	Run_Tool_A	10/21/2025 0:00	4	7815	T_A_002
012jkl0123	Junior	i1j2k3l4m5n6o7p8q9r0	Login	10/21/2025 0:00	4	5573	T_A_002
901stu9012	Senior	i1j2k3l4m5n6o7p8q9r0	Login	10/21/2025 0:00	2	130	T_A_001
mno345	Senior	A1B2C3D4E5F6G7H8I9J0	Login	10/21/2025 0:00	1	7048	T_A_001
jkl01234	Junior	a1b2c3d4e5f6g7h8i9j0	Load_Dashboard	10/21/2025 0:00	4	9298	T_A_001
stu9012345	Junior	C1D2E3F4G5H6I7J8K9L0	Run_Tool_A	10/21/2025 0:00	2	5177	T_A_002
789ghi	Junior	M1N2O3P4Q5R6S7T8U9V0	Load_Dashboard	10/21/2025 0:00	3	934	T_A_002
567yz567	Junior	E1F2G3H4I5J6K7L8M9N0	Filter_By_Region	10/21/2025 0:00	4	5300	T_A_002
ghi789012	Junior	a1b2c3d4e5f6g7h8i9j0	Filter_By_Region	10/21/2025 0:00	1	170	T_A_001
stu9012345	Senior	Q1R2S3T4U5V6W7X8Y9Z0	Run_Tool_A	10/21/2025 0:00	1	4765	T_A_002
012jkl	Junior	a1b2c3d4e5f6g7h8i9j0	Load_Dashboard	10/21/2025 0:00	1	3421	T_A_002
jkl0123456	Senior	M1N2O3P4Q5R6S7T8U9V0	Run_Tool_A	10/21/2025 0:00	1	7139	T_A_002
def456789	Junior	Y1Z2a3b4c5d6e7f8g9h0	Filter_By_Region	10/21/2025 0:00	2	3130	T_A_001
pqr678901	Senior	c1d2e3f4g5h6i7j8k9l0	Login	10/21/2025 0:00	3	3997	T_A_001
678pqr	Junior	M1N2O3P4Q5R6S7T8U9V0	Login	10/21/2025 0:00	4	9100	T_A_002
901stu901	Senior	Y1Z2a3b4c5d6e7f8g9h0	Run_Tool_A	10/21/2025 0:00	1	1521	T_A_002
789ghi7	Senior	u1v2w3x4y5z6A7B8C9D0	Login	10/21/2025 0:00	3	8207	T_A_001
jkl01234	Senior	O1P2Q3R4S5T6U7V8W9X0	Login	10/21/2025 0:00	4	5425	T_A_001
345mno	Senior	S1T2U3V4W5X6Y7Z8a9b0	Run_Tool_A	10/21/2025 0:00	3	2751	T_A_002
mno345	Senior	E1F2G3H4I5J6K7L8M9N0	Filter_By_Region	10/21/2025 0:00	1	3873	T_A_002
mno345	Junior	s1t2u3v4w5x6y7z8A9B0	Load_Dashboard	10/21/2025 0:00	4	5091	T_A_001
012jkl	Senior	S1T2U3V4W5X6Y7Z8a9b0	Filter_By_Region	10/21/2025 0:00	1	2358	T_A_002
456def45	Senior	a1b2c3d4e5f6g7h8i9j0	Load_Dashboard	10/21/2025 0:00	3	3711	T_A_002
901stu901	Senior	o1p2q3r4s5t6u7v8w9x0	Filter_By_Region	10/21/2025 0:00	2	7806	T_A_002
456def4567	Senior	O1P2Q3R4S5T6U7V8W9X0	Login	10/21/2025 0:00	2	2830	T_A_002
345mno345	Junior	Y1Z2a3b4c5d6e7f8g9h0	Run_Tool_A	10/21/2025 0:00	2	8154	T_A_002
vwx2345	Senior	e1f2g3h4i5j6k7l8m9n0	Load_Dashboard	10/21/2025 0:00	2	9231	T_A_002
stu90123	Senior	w1x2y3z4A5B6C7D8E9F0	Load_Dashboard	10/21/2025 0:00	1	1840	T_A_002
abc1234567	Senior	M1N2O3P4Q5R6S7T8U9V0	Run_Tool_A	10/21/2025 0:00	3	8559	T_A_002
def456	Junior	A1B2C3D4E5F6G7H8I9J0	Run_Tool_A	10/21/2025 0:00	2	5719	T_A_001
abc123456	Junior	U1V2W3X4Y5Z6a7b8c9d0	Filter_By_Region	10/21/2025 0:00	2	6097	T_A_001
ghi78901	Junior	e1f2g3h4i5j6k7l8m9n0	Run_Tool_A	10/21/2025 0:00	3	8583	T_A_001
yz56789	Junior	Q1R2S3T4U5V6W7X8Y9Z0	Load_Dashboard	10/21/2025 0:00	4	3701	T_A_001
234vwx23	Junior	e1f2g3h4i5j6k7l8m9n0	Login	10/21/2025 0:00	2	339	T_A_001
mno3456789	Senior	o1p2q3r4s5t6u7v8w9x0	Load_Dashboard	10/21/2025 0:00	3	4047	T_A_002
234vwx23	Junior	w1x2y3z4A5B6C7D8E9F0	Run_Tool_A	10/21/2025 0:00	2	4598	T_A_002
abc12345	Senior	G1H2I3J4K5L6M7N8O9P0	Run_Tool_A	10/21/2025 0:00	3	7408	T_A_002
stu90123	Junior	G1H2I3J4K5L6M7N8O9P0	Login	10/21/2025 0:00	2	4697	T_A_001
345mno3456	Senior	E1F2G3H4I5J6K7L8M9N0	Login	10/21/2025 0:00	3	8894	T_A_002
901stu9012	Junior	c1d2e3f4g5h6i7j8k9l0	Login	10/21/2025 0:00	3	5551	T_A_002
234vwx	Senior	a1b2c3d4e5f6g7h8i9j0	Filter_By_Region	10/21/2025 0:00	2	9140	T_A_002
567yz5678	Junior	U1V2W3X4Y5Z6a7b8c9d0	Load_Dashboard	10/21/2025 0:00	1	4253	T_A_001
mno34567	Senior	Y1Z2a3b4c5d6e7f8g9h0	Login	10/21/2025 0:00	4	5229	T_A_002
456def4567	Junior	Y1Z2a3b4c5d6e7f8g9h0	Run_Tool_A	10/21/2025 0:00	3	1278	T_A_002
mno34567	Junior	C1D2E3F4G5H6I7J8K9L0	Load_Dashboard	10/21/2025 0:00	2	6526	T_A_001
567yz5678	Senior	G1H2I3J4K5L6M7N8O9P0	Load_Dashboard	10/21/2025 0:00	1	4248	T_A_002
234vwx2345	Junior	E1F2G3H4I5J6K7L8M9N0	Filter_By_Region	10/21/2025 0:00	3	1694	T_A_002
yz56789	Senior	c1d2e3f4g5h6i7j8k9l0	Load_Dashboard	10/21/2025 0:00	1	129	T_A_002
stu9012	Junior	e1f2g3h4i5j6k7l8m9n0	Load_Dashboard	10/21/2025 0:00	4	6769	T_A_002
mno345	Senior	I1J2K3L4M5N6O7P8Q9R0	Filter_By_Region	10/21/2025 0:00	3	2670	T_A_002
stu901	Senior	K1L2M3N4O5P6Q7R8S9T0	Filter_By_Region	10/21/2025 0:00	1	6787	T_A_001
123abc12	Junior	c1d2e3f4g5h6i7j8k9l0	Load_Dashboard	10/21/2025 0:00	3	9820	T_A_002
789ghi7890	Junior	a1b2c3d4e5f6g7h8i9j0	Load_Dashboard	10/21/2025 0:00	2	3978	T_A_001
ghi789	Junior	c1d2e3f4g5h6i7j8k9l0	Load_Dashboard	10/21/2025 0:00	2	838	T_A_002
yz5678	Senior	k1l2m3n4o5p6q7r8s9t0	Login	10/21/2025 0:00	1	9317	T_A_001
stu90123	Junior	G1H2I3J4K5L6M7N8O9P0	Filter_By_Region	10/21/2025 0:00	1	5368	T_A_002
567yz5	Senior	i1j2k3l4m5n6o7p8q9r0	Filter_By_Region	10/21/2025 0:00	2	8707	T_A_001
123abc12	Senior	i1j2k3l4m5n6o7p8q9r0	Run_Tool_A	10/21/2025 0:00	4	7205	T_A_001
012jkl0	Junior	g1h2i3j4k5l6m7n8o9p0	Run_Tool_A	10/21/2025 0:00	1	6267	T_A_002
345mno3456	Junior	s1t2u3v4w5x6y7z8A9B0	Login	10/21/2025 0:00	4	215	T_A_001
jkl012345	Senior	i1j2k3l4m5n6o7p8q9r0	Filter_By_Region	10/21/2025 0:00	4	4183	T_A_001
123abc1	Junior	S1T2U3V4W5X6Y7Z8a9b0	Run_Tool_A	10/21/2025 0:00	4	4026	T_A_002
vwx234567	Junior	w1x2y3z4A5B6C7D8E9F0	Run_Tool_A	10/21/2025 0:00	3	6869	T_A_001
mno345678	Senior	I1J2K3L4M5N6O7P8Q9R0	Filter_By_Region	10/21/2025 0:00	3	7338	T_A_002
789ghi789	Senior	y1z2A3B4C5D6E7F8G9H0	Filter_By_Region	10/21/2025 0:00	1	2086	T_A_001
vwx234567	Senior	I1J2K3L4M5N6O7P8Q9R0	Load_Dashboard	10/21/2025 0:00	3	3228	T_A_001
pqr678901	Junior	q1r2s3t4u5v6w7x8y9z0	Login	10/21/2025 0:00	2	4829	T_A_001
yz5678	Senior	c1d2e3f4g5h6i7j8k9l0	Login	10/21/2025 0:00	1	6864	T_A_002
ghi789012	Senior	A1B2C3D4E5F6G7H8I9J0	Run_Tool_A	10/21/2025 0:00	3	2956	T_A_001
678pqr67	Senior	K1L2M3N4O5P6Q7R8S9T0	Load_Dashboard	10/21/2025 0:00	3	5572	T_A_002
ghi78901	Junior	i1j2k3l4m5n6o7p8q9r0	Filter_By_Region	10/21/2025 0:00	2	1234	T_A_001
567yz5678	Junior	k1l2m3n4o5p6q7r8s9t0	Load_Dashboard	10/21/2025 0:00	2	9881	T_A_001
pqr6789	Junior	c1d2e3f4g5h6i7j8k9l0	Filter_By_Region	10/21/2025 0:00	2	8004	T_A_001
678pqr	Senior	u1v2w3x4y5z6A7B8C9D0	Run_Tool_A	10/21/2025 0:00	4	7442	T_A_001
pqr678901	Senior	y1z2A3B4C5D6E7F8G9H0	Run_Tool_A	10/21/2025 0:00	4	3445	T_A_001
mno345	Junior	Y1Z2a3b4c5d6e7f8g9h0	Login	10/21/2025 0:00	2	9599	T_A_002
789ghi7890	Junior	S1T2U3V4W5X6Y7Z8a9b0	Login	10/21/2025 0:00	4	7501	T_A_002
456def	Junior	Y1Z2a3b4c5d6e7f8g9h0	Filter_By_Region	10/21/2025 0:00	2	1771	T_A_002
567yz	Senior	c1d2e3f4g5h6i7j8k9l0	Login	10/21/2025 0:00	4	5823	T_A_002
stu9012	Junior	w1x2y3z4A5B6C7D8E9F0	Login	10/21/2025 0:00	2	460	T_A_002
def456	Senior	Y1Z2a3b4c5d6e7f8g9h0	Load_Dashboard	10/21/2025 0:00	2	5065	T_A_001
678pqr678	Junior	y1z2A3B4C5D6E7F8G9H0	Filter_By_Region	10/21/2025 0:00	4	6726	T_A_002
234vwx	Junior	Y1Z2a3b4c5d6e7f8g9h0	Run_Tool_A	10/21/2025 0:00	1	5441	T_A_001
mno3456	Junior	a1b2c3d4e5f6g7h8i9j0	Login	10/21/2025 0:00	4	3779	T_A_001
567yz	Senior	g1h2i3j4k5l6m7n8o9p0	Run_Tool_A	10/21/2025 0:00	2	2139	T_A_001
def4567	Junior	o1p2q3r4s5t6u7v8w9x0	Filter_By_Region	10/21/2025 0:00	2	5978	T_A_002
stu9012345	Junior	C1D2E3F4G5H6I7J8K9L0	Filter_By_Region	10/21/2025 0:00	4	5314	T_A_002
901stu9	Senior	U1V2W3X4Y5Z6a7b8c9d0	Load_Dashboard	10/21/2025 0:00	4	7416	T_A_001
abc1234	Senior	o1p2q3r4s5t6u7v8w9x0	Load_Dashboard	10/21/2025 0:00	4	7353	T_A_001
pqr678901	Junior	m1n2o3p4q5r6s7t8u9v0	Load_Dashboard	10/21/2025 0:00	2	1137	T_A_002
pqr678901	Senior	o1p2q3r4s5t6u7v8w9x0	Run_Tool_A	10/21/2025 0:00	2	8916	T_A_002
012jkl	Senior	Q1R2S3T4U5V6W7X8Y9Z0	Login	10/21/2025 0:00	4	472	T_A_002
123abc1	Junior	U1V2W3X4Y5Z6a7b8c9d0	Login	10/21/2025 0:00	4	5973	T_A_001
567yz56	Senior	q1r2s3t4u5v6w7x8y9z0	Login	10/21/2025 0:00	1	8904	T_A_001
def456789	Junior	C1D2E3F4G5H6I7J8K9L0	Login	10/21/2025 0:00	3	8630	T_A_001
mno3456	Senior	A1B2C3D4E5F6G7H8I9J0	Load_Dashboard	10/21/2025 0:00	3	1855	T_A_001
pqr678901	Junior	a1b2c3d4e5f6g7h8i9j0	Run_Tool_A	10/21/2025 0:00	1	6330	T_A_002
abc1234	Junior	U1V2W3X4Y5Z6a7b8c9d0	Filter_By_Region	10/21/2025 0:00	1	7108	T_A_001
pqr67890	Junior	S1T2U3V4W5X6Y7Z8a9b0	Run_Tool_A	10/21/2025 0:00	2	7462	T_A_002
012jkl01	Junior	K1L2M3N4O5P6Q7R8S9T0	Filter_By_Region	10/21/2025 0:00	4	7758	T_A_001
012jkl	Senior	O1P2Q3R4S5T6U7V8W9X0	Run_Tool_A	10/21/2025 0:00	4	9799	T_A_002
234vwx23	Senior	I1J2K3L4M5N6O7P8Q9R0	Run_Tool_A	10/21/2025 0:00	3	4955	T_A_002
901stu901	Junior	e1f2g3h4i5j6k7l8m9n0	Filter_By_Region	10/21/2025 0:00	2	4995	T_A_001
456def45	Senior	c1d2e3f4g5h6i7j8k9l0	Load_Dashboard	10/21/2025 0:00	2	1632	T_A_001
234vwx234	Senior	Q1R2S3T4U5V6W7X8Y9Z0	Login	10/21/2025 0:00	2	2639	T_A_001
abc12345	Senior	w1x2y3z4A5B6C7D8E9F0	Run_Tool_A	10/21/2025 0:00	2	504	T_A_002
vwx23456	Senior	w1x2y3z4A5B6C7D8E9F0	Login	10/21/2025 0:00	3	8626	T_A_001
345mno3	Senior	m1n2o3p4q5r6s7t8u9v0	Load_Dashboard	10/21/2025 0:00	1	5385	T_A_002
234vwx2345	Senior	K1L2M3N4O5P6Q7R8S9T0	Run_Tool_A	10/21/2025 0:00	2	8631	T_A_002
pqr6789	Junior	W1X2Y3Z4a5b6c7d8e9f0	Login	10/21/2025 0:00	3	3931	T_A_001
yz567890	Senior	q1r2s3t4u5v6w7x8y9z0	Load_Dashboard	10/21/2025 0:00	4	5774	T_A_002
567yz56	Junior	c1d2e3f4g5h6i7j8k9l0	Login	10/21/2025 0:00	1	4442	T_A_001
stu901	Junior	I1J2K3L4M5N6O7P8Q9R0	Load_Dashboard	10/21/2025 0:00	1	8359	T_A_001
678pqr678	Junior	Q1R2S3T4U5V6W7X8Y9Z0	Filter_By_Region	10/21/2025 0:00	1	4403	T_A_001
123abc1	Senior	e1f2g3h4i5j6k7l8m9n0	Load_Dashboard	10/21/2025 0:00	1	1804	T_A_001
stu901	Junior	s1t2u3v4w5x6y7z8A9B0	Filter_By_Region	10/21/2025 0:00	2	6152	T_A_002
abc1234567	Senior	A1B2C3D4E5F6G7H8I9J0	Login	10/21/2025 0:00	2	5005	T_A_001
678pqr6	Senior	O1P2Q3R4S5T6U7V8W9X0	Run_Tool_A	10/21/2025 0:00	1	7660	T_A_001
345mno3456	Junior	A1B2C3D4E5F6G7H8I9J0	Login	10/21/2025 0:00	3	4739	T_A_001
234vwx23	Senior	g1h2i3j4k5l6m7n8o9p0	Load_Dashboard	10/21/2025 0:00	3	5264	T_A_002
789ghi78	Junior	e1f2g3h4i5j6k7l8m9n0	Load_Dashboard	10/21/2025 0:00	2	3109	T_A_001
012jkl	Junior	c1d2e3f4g5h6i7j8k9l0	Load_Dashboard	10/21/2025 0:00	3	8719	T_A_002
yz567890	Junior	e1f2g3h4i5j6k7l8m9n0	Filter_By_Region	10/21/2025 0:00	4	8498	T_A_001
345mno3456	Junior	a1b2c3d4e5f6g7h8i9j0	Load_Dashboard	10/21/2025 0:00	4	1360	T_A_001
abc1234	Junior	a1b2c3d4e5f6g7h8i9j0	Login	10/21/2025 0:00	3	2535	T_A_001
901stu	Junior	g1h2i3j4k5l6m7n8o9p0	Run_Tool_A	10/21/2025 0:00	4	8122	T_A_002
ghi789	Junior	M1N2O3P4Q5R6S7T8U9V0	Run_Tool_A	10/21/2025 0:00	2	3141	T_A_002
234vwx23	Junior	U1V2W3X4Y5Z6a7b8c9d0	Load_Dashboard	10/21/2025 0:00	2	20	T_A_002
mno345	Junior	K1L2M3N4O5P6Q7R8S9T0	Login	10/21/2025 0:00	2	2878	T_A_001
789ghi78	Junior	E1F2G3H4I5J6K7L8M9N0	Run_Tool_A	10/21/2025 0:00	2	9269	T_A_002
vwx2345678	Senior	C1D2E3F4G5H6I7J8K9L0	Filter_By_Region	10/21/2025 0:00	3	1260	T_A_002
456def	Senior	a1b2c3d4e5f6g7h8i9j0	Login	10/21/2025 0:00	3	237	T_A_001
stu901234	Junior	y1z2A3B4C5D6E7F8G9H0	Login	10/21/2025 0:00	3	3233	T_A_002
mno345	Junior	E1F2G3H4I5J6K7L8M9N0	Login	10/21/2025 0:00	3	8133	T_A_001
678pqr678	Junior	W1X2Y3Z4a5b6c7d8e9f0	Login	10/21/2025 0:00	1	9381	T_A_002
678pqr67	Junior	Y1Z2a3b4c5d6e7f8g9h0	Load_Dashboard	10/21/2025 0:00	4	9293	T_A_001
pqr678	Junior	g1h2i3j4k5l6m7n8o9p0	Filter_By_Region	10/21/2025 0:00	1	7719	T_A_001
678pqr678	Junior	a1b2c3d4e5f6g7h8i9j0	Filter_By_Region	10/21/2025 0:00	2	8550	T_A_001
123abc123	Junior	W1X2Y3Z4a5b6c7d8e9f0	Filter_By_Region	10/21/2025 0:00	2	4322	T_A_001
yz56789	Senior	u1v2w3x4y5z6A7B8C9D0	Load_Dashboard	10/21/2025 0:00	3	5691	T_A_001
456def	Junior	K1L2M3N4O5P6Q7R8S9T0	Load_Dashboard	10/21/2025 0:00	1	9185	T_A_002
abc1234567	Junior	I1J2K3L4M5N6O7P8Q9R0	Login	10/21/2025 0:00	4	7311	T_A_001
678pqr6789	Junior	U1V2W3X4Y5Z6a7b8c9d0	Login	10/21/2025 0:00	1	2949	T_A_001
def456789	Junior	w1x2y3z4A5B6C7D8E9F0	Filter_By_Region	10/21/2025 0:00	4	2748	T_A_001
901stu90	Junior	a1b2c3d4e5f6g7h8i9j0	Load_Dashboard	10/21/2025 0:00	3	984	T_A_002
567yz56	Senior	m1n2o3p4q5r6s7t8u9v0	Filter_By_Region	10/21/2025 0:00	4	24	T_A_001
456def4	Senior	s1t2u3v4w5x6y7z8A9B0	Filter_By_Region	10/21/2025 0:00	1	9788	T_A_002
ghi7890	Senior	w1x2y3z4A5B6C7D8E9F0	Load_Dashboard	10/21/2025 0:00	1	6991	T_A_001
234vwx2345	Junior	Q1R2S3T4U5V6W7X8Y9Z0	Filter_By_Region	10/21/2025 0:00	4	5810	T_A_001
789ghi7890	Senior	Y1Z2a3b4c5d6e7f8g9h0	Login	10/21/2025 0:00	1	7382	T_A_001
123abc	Senior	w1x2y3z4A5B6C7D8E9F0	Run_Tool_A	10/21/2025 0:00	2	9129	T_A_001
ghi7890123	Senior	U1V2W3X4Y5Z6a7b8c9d0	Run_Tool_A	10/21/2025 0:00	3	961	T_A_001
abc1234	Junior	a1b2c3d4e5f6g7h8i9j0	Load_Dashboard	10/21/2025 0:00	1	4066	T_A_001
def4567	Senior	o1p2q3r4s5t6u7v8w9x0	Load_Dashboard	10/21/2025 0:00	1	8211	T_A_001
678pqr678	Junior	a1b2c3d4e5f6g7h8i9j0	Load_Dashboard	10/21/2025 0:00	4	6926	T_A_001
567yz5	Senior	i1j2k3l4m5n6o7p8q9r0	Login	10/21/2025 0:00	2	2005	T_A_001
901stu901	Senior	U1V2W3X4Y5Z6a7b8c9d0	Login	10/21/2025 0:00	3	4132	T_A_001
678pqr6	Senior	A1B2C3D4E5F6G7H8I9J0	Filter_By_Region	10/21/2025 0:00	2	1554	T_A_001
456def4567	Senior	k1l2m3n4o5p6q7r8s9t0	Load_Dashboard	10/21/2025 0:00	3	5794	T_A_001
234vwx2345	Senior	q1r2s3t4u5v6w7x8y9z0	Login	10/21/2025 0:00	4	8670	T_A_001
678pqr	Junior	Q1R2S3T4U5V6W7X8Y9Z0	Run_Tool_A	10/21/2025 0:00	1	2876	T_A_002
345mno34	Junior	w1x2y3z4A5B6C7D8E9F0	Load_Dashboard	10/21/2025 0:00	2	6486	T_A_001
ghi789012	Senior	W1X2Y3Z4a5b6c7d8e9f0	Run_Tool_A	10/21/2025 0:00	2	8459	T_A_002
456def45	Senior	A1B2C3D4E5F6G7H8I9J0	Run_Tool_A	10/21/2025 0:00	3	4885	T_A_001
stu901	Junior	Q1R2S3T4U5V6W7X8Y9Z0	Run_Tool_A	10/21/2025 0:00	2	525	T_A_001
123abc1	Senior	y1z2A3B4C5D6E7F8G9H0	Run_Tool_A	10/21/2025 0:00	3	2604	T_A_001
678pqr678	Junior	E1F2G3H4I5J6K7L8M9N0	Run_Tool_A	10/21/2025 0:00	4	2760	T_A_002
234vwx	Junior	I1J2K3L4M5N6O7P8Q9R0	Load_Dashboard	10/21/2025 0:00	4	4738	T_A_001
678pqr6	Senior	K1L2M3N4O5P6Q7R8S9T0	Load_Dashboard	10/21/2025 0:00	2	802	T_A_002
789ghi	Senior	a1b2c3d4e5f6g7h8i9j0	Load_Dashboard	10/21/2025 0:00	2	9655	T_A_001
901stu901	Senior	o1p2q3r4s5t6u7v8w9x0	Load_Dashboard	10/21/2025 0:00	4	7621	T_A_002
901stu90	Junior	c1d2e3f4g5h6i7j8k9l0	Filter_By_Region	10/21/2025 0:00	3	2198	T_A_002
pqr6789	Senior	Y1Z2a3b4c5d6e7f8g9h0	Load_Dashboard	10/21/2025 0:00	1	4159	T_A_001
def456	Junior	k1l2m3n4o5p6q7r8s9t0	Run_Tool_A	10/21/2025 0:00	2	6920	T_A_001
012jkl012	Senior	U1V2W3X4Y5Z6a7b8c9d0	Load_Dashboard	10/21/2025 0:00	3	6781	T_A_001
345mno	Junior	s1t2u3v4w5x6y7z8A9B0	Load_Dashboard	10/21/2025 0:00	3	3530	T_A_001
234vwx2345	Junior	i1j2k3l4m5n6o7p8q9r0	Filter_By_Region	10/21/2025 0:00	2	4980	T_A_001
def456	Senior	O1P2Q3R4S5T6U7V8W9X0	Login	10/21/2025 0:00	4	273	T_A_002
678pqr	Junior	E1F2G3H4I5J6K7L8M9N0	Filter_By_Region	10/21/2025 0:00	4	7357	T_A_001
789ghi7890	Junior	o1p2q3r4s5t6u7v8w9x0	Run_Tool_A	10/21/2025 0:00	1	7929	T_A_002
234vwx23	Junior	W1X2Y3Z4a5b6c7d8e9f0	Login	10/21/2025 0:00	3	7791	T_A_001
567yz56	Senior	C1D2E3F4G5H6I7J8K9L0	Filter_By_Region	10/21/2025 0:00	3	2371	T_A_001
mno3456	Junior	A1B2C3D4E5F6G7H8I9J0	Run_Tool_A	10/21/2025 0:00	3	3937	T_A_001
jkl0123	Junior	S1T2U3V4W5X6Y7Z8a9b0	Filter_By_Region	10/21/2025 0:00	1	891	T_A_002
vwx23456	Junior	Q1R2S3T4U5V6W7X8Y9Z0	Login	10/21/2025 0:00	1	5944	T_A_001
567yz567	Senior	W1X2Y3Z4a5b6c7d8e9f0	Filter_By_Region	10/21/2025 0:00	3	8138	T_A_002
345mno3	Junior	K1L2M3N4O5P6Q7R8S9T0	Load_Dashboard	10/21/2025 0:00	2	8217	T_A_001
pqr678	Junior	y1z2A3B4C5D6E7F8G9H0	Load_Dashboard	10/21/2025 0:00	2	3041	T_A_001
jkl01234	Junior	i1j2k3l4m5n6o7p8q9r0	Filter_By_Region	10/21/2025 0:00	3	9424	T_A_002
def456	Senior	E1F2G3H4I5J6K7L8M9N0	Run_Tool_A	10/21/2025 0:00	2	8377	T_A_002
678pqr67	Senior	m1n2o3p4q5r6s7t8u9v0	Run_Tool_A	10/21/2025 0:00	1	4040	T_A_001
jkl01234	Senior	s1t2u3v4w5x6y7z8A9B0	Load_Dashboard	10/21/2025 0:00	1	2147	T_A_001
ghi7890123	Junior	I1J2K3L4M5N6O7P8Q9R0	Filter_By_Region	10/21/2025 0:00	4	8408	T_A_001
678pqr	Junior	S1T2U3V4W5X6Y7Z8a9b0	Filter_By_Region	10/21/2025 0:00	4	8060	T_A_002
abc123	Senior	Y1Z2a3b4c5d6e7f8g9h0	Filter_By_Region	10/21/2025 0:00	1	3647	T_A_001
ghi789012	Junior	a1b2c3d4e5f6g7h8i9j0	Run_Tool_A	10/21/2025 0:00	3	5799	T_A_001
234vwx	Senior	o1p2q3r4s5t6u7v8w9x0	Filter_By_Region	10/21/2025 0:00	2	4529	T_A_002
stu9012	Junior	c1d2e3f4g5h6i7j8k9l0	Run_Tool_A	10/21/2025 0:00	1	6814	T_A_002
vwx2345	Senior	O1P2Q3R4S5T6U7V8W9X0	Login	10/21/2025 0:00	3	2513	T_A_002
ghi78901	Junior	g1h2i3j4k5l6m7n8o9p0	Filter_By_Region	10/21/2025 0:00	2	5265	T_A_001
abc1234567	Senior	S1T2U3V4W5X6Y7Z8a9b0	Filter_By_Region	10/21/2025 0:00	4	7533	T_A_002
pqr6789012	Senior	K1L2M3N4O5P6Q7R8S9T0	Run_Tool_A	10/21/2025 0:00	4	1922	T_A_001
vwx234	Junior	y1z2A3B4C5D6E7F8G9H0	Run_Tool_A	10/21/2025 0:00	1	5880	T_A_001
345mno3	Junior	a1b2c3d4e5f6g7h8i9j0	Login	10/21/2025 0:00	3	9485	T_A_001
567yz567	Junior	C1D2E3F4G5H6I7J8K9L0	Run_Tool_A	10/21/2025 0:00	2	2189	T_A_001
pqr678901	Junior	Y1Z2a3b4c5d6e7f8g9h0	Login	10/21/2025 0:00	3	3329	T_A_002
678pqr67	Senior	M1N2O3P4Q5R6S7T8U9V0	Login	10/21/2025 0:00	3	7052	T_A_002
vwx2345	Junior	U1V2W3X4Y5Z6a7b8c9d0	Load_Dashboard	10/21/2025 0:00	4	2209	T_A_002
yz5678901	Senior	a1b2c3d4e5f6g7h8i9j0	Login	10/21/2025 0:00	3	2272	T_A_002
567yz	Senior	C1D2E3F4G5H6I7J8K9L0	Filter_By_Region	10/21/2025 0:00	2	5505	T_A_002
jkl0123	Junior	I1J2K3L4M5N6O7P8Q9R0	Run_Tool_A	10/21/2025 0:00	4	4042	T_A_001
ghi789	Senior	m1n2o3p4q5r6s7t8u9v0	Run_Tool_A	10/21/2025 0:00	2	2005	T_A_002
mno345678	Junior	M1N2O3P4Q5R6S7T8U9V0	Load_Dashboard	10/21/2025 0:00	3	9976	T_A_002
yz5678901	Senior	i1j2k3l4m5n6o7p8q9r0	Load_Dashboard	10/21/2025 0:00	3	1309	T_A_001
234vwx	Junior	M1N2O3P4Q5R6S7T8U9V0	Run_Tool_A	10/21/2025 0:00	2	8861	T_A_002
abc1234567	Junior	g1h2i3j4k5l6m7n8o9p0	Filter_By_Region	10/21/2025 0:00	3	5335	T_A_001
345mno3	Senior	q1r2s3t4u5v6w7x8y9z0	Load_Dashboard	10/21/2025 0:00	2	7397	T_A_001
vwx234567	Senior	Y1Z2a3b4c5d6e7f8g9h0	Filter_By_Region	10/21/2025 0:00	2	3865	T_A_001
678pqr67	Junior	S1T2U3V4W5X6Y7Z8a9b0	Filter_By_Region	10/21/2025 0:00	3	2675	T_A_002
901stu901	Junior	A1B2C3D4E5F6G7H8I9J0	Run_Tool_A	10/21/2025 0:00	4	4078	T_A_002
901stu	Senior	u1v2w3x4y5z6A7B8C9D0	Run_Tool_A	10/21/2025 0:00	4	3256	T_A_002
yz56789	Senior	K1L2M3N4O5P6Q7R8S9T0	Load_Dashboard	10/21/2025 0:00	1	6239	T_A_001
789ghi789	Senior	u1v2w3x4y5z6A7B8C9D0	Run_Tool_A	10/21/2025 0:00	2	6382	T_A_002
123abc1234	Junior	A1B2C3D4E5F6G7H8I9J0	Login	10/21/2025 0:00	3	7953	T_A_001
456def456	Junior	s1t2u3v4w5x6y7z8A9B0	Run_Tool_A	10/21/2025 0:00	1	6286	T_A_002
012jkl0	Senior	w1x2y3z4A5B6C7D8E9F0	Filter_By_Region	10/21/2025 0:00	1	561	T_A_001
def456	Senior	e1f2g3h4i5j6k7l8m9n0	Login	10/21/2025 0:00	3	2355	T_A_002
mno345678	Junior	k1l2m3n4o5p6q7r8s9t0	Load_Dashboard	10/21/2025 0:00	4	5330	T_A_002
pqr678	Junior	Y1Z2a3b4c5d6e7f8g9h0	Load_Dashboard	10/21/2025 0:00	2	9777	T_A_001
901stu90	Senior	m1n2o3p4q5r6s7t8u9v0	Run_Tool_A	10/21/2025 0:00	2	957	T_A_002
456def4567	Senior	I1J2K3L4M5N6O7P8Q9R0	Login	10/21/2025 0:00	1	3322	T_A_001
012jkl0	Junior	c1d2e3f4g5h6i7j8k9l0	Login	10/21/2025 0:00	1	8067	T_A_001
901stu	Junior	Q1R2S3T4U5V6W7X8Y9Z0	Load_Dashboard	10/21/2025 0:00	1	9350	T_A_002
678pqr67	Junior	c1d2e3f4g5h6i7j8k9l0	Load_Dashboard	10/21/2025 0:00	1	8769	T_A_002
567yz5678	Junior	Q1R2S3T4U5V6W7X8Y9Z0	Login	10/21/2025 0:00	4	5335	T_A_001
456def4567	Senior	A1B2C3D4E5F6G7H8I9J0	Login	10/21/2025 0:00	1	4072	T_A_002
234vwx23	Senior	g1h2i3j4k5l6m7n8o9p0	Run_Tool_A	10/21/2025 0:00	3	143	T_A_002
pqr678901	Senior	a1b2c3d4e5f6g7h8i9j0	Login	10/21/2025 0:00	4	2538	T_A_001
901stu901	Junior	A1B2C3D4E5F6G7H8I9J0	Load_Dashboard	10/21/2025 0:00	3	1097	T_A_002
yz56789	Senior	i1j2k3l4m5n6o7p8q9r0	Filter_By_Region	10/21/2025 0:00	1	1618	T_A_001
def4567	Senior	c1d2e3f4g5h6i7j8k9l0	Filter_By_Region	10/21/2025 0:00	3	7944	T_A_002
mno3456	Junior	I1J2K3L4M5N6O7P8Q9R0	Filter_By_Region	10/21/2025 0:00	2	6412	T_A_002
456def456	Senior	U1V2W3X4Y5Z6a7b8c9d0	Filter_By_Region	10/21/2025 0:00	2	6133	T_A_002
789ghi	Junior	u1v2w3x4y5z6A7B8C9D0	Load_Dashboard	10/21/2025 0:00	4	7583	T_A_001
stu901234	Junior	a1b2c3d4e5f6g7h8i9j0	Filter_By_Region	10/21/2025 0:00	3	5097	T_A_001
vwx234	Senior	y1z2A3B4C5D6E7F8G9H0	Filter_By_Region	10/21/2025 0:00	2	5067	T_A_001
567yz5	Senior	a1b2c3d4e5f6g7h8i9j0	Filter_By_Region	10/21/2025 0:00	1	2917	T_A_002
678pqr6	Junior	K1L2M3N4O5P6Q7R8S9T0	Login	10/21/2025 0:00	1	9435	T_A_001
234vwx23	Senior	g1h2i3j4k5l6m7n8o9p0	Run_Tool_A	10/21/2025 0:00	2	3337	T_A_001
789ghi78	Junior	A1B2C3D4E5F6G7H8I9J0	Run_Tool_A	10/21/2025 0:00	4	7529	T_A_002
456def4	Junior	S1T2U3V4W5X6Y7Z8a9b0	Run_Tool_A	10/21/2025 0:00	3	531	T_A_001
mno345678	Junior	g1h2i3j4k5l6m7n8o9p0	Login	10/21/2025 0:00	2	7080	T_A_001
yz5678	Senior	c1d2e3f4g5h6i7j8k9l0	Run_Tool_A	10/21/2025 0:00	2	3457	T_A_002
mno345678	Junior	a1b2c3d4e5f6g7h8i9j0	Filter_By_Region	10/21/2025 0:00	1	2704	T_A_002
567yz56	Senior	u1v2w3x4y5z6A7B8C9D0	Filter_By_Region	10/21/2025 0:00	4	6510	T_A_001
ghi7890123	Senior	w1x2y3z4A5B6C7D8E9F0	Run_Tool_A	10/21/2025 0:00	2	6909	T_A_002
678pqr678	Senior	G1H2I3J4K5L6M7N8O9P0	Run_Tool_A	10/21/2025 0:00	1	4450	T_A_001
678pqr6	Junior	k1l2m3n4o5p6q7r8s9t0	Load_Dashboard	10/21/2025 0:00	4	2652	T_A_002
yz5678901	Junior	E1F2G3H4I5J6K7L8M9N0	Login	10/21/2025 0:00	1	4648	T_A_001
def456	Junior	m1n2o3p4q5r6s7t8u9v0	Filter_By_Region	10/21/2025 0:00	4	7834	T_A_001
789ghi789	Junior	I1J2K3L4M5N6O7P8Q9R0	Run_Tool_A	10/21/2025 0:00	1	1381	T_A_001
234vwx2345	Senior	S1T2U3V4W5X6Y7Z8a9b0	Load_Dashboard	10/21/2025 0:00	4	3913	T_A_002
